id,ticket_id,sender_id,message,attachment_url,sent_at
1,880,582,Message content 1,https://example.com/attachment_1.pdf,2024-08-03 07:52:50.022254
2,518,458,Message content 2,https://example.com/attachment_2.pdf,2024-02-26 18:06:51.305687
3,809,655,Message content 3,https://example.com/attachment_3.pdf,2023-03-22 12:39:14.720800
4,29,784,Message content 4,https://example.com/attachment_4.pdf,2024-06-10 01:47:03.304609
5,206,427,Message content 5,https://example.com/attachment_5.pdf,2024-01-22 20:09:59.272127
6,502,1000,Message content 6,https://example.com/attachment_6.pdf,2023-09-05 20:46:00.253348
7,823,44,Message content 7,https://example.com/attachment_7.pdf,2023-09-07 13:32:37.866110
8,941,85,Message content 8,https://example.com/attachment_8.pdf,2024-08-14 20:54:27.334710
9,344,108,Message content 9,https://example.com/attachment_9.pdf,2023-04-27 06:49:28.631419
10,250,11,Message content 10,https://example.com/attachment_10.pdf,2024-03-19 17:42:50.441493
11,172,197,Message content 11,https://example.com/attachment_11.pdf,2023-11-17 20:02:44.406936
12,343,379,Message content 12,https://example.com/attachment_12.pdf,2024-12-04 21:23:04.630186
13,468,912,Message content 13,https://example.com/attachment_13.pdf,2023-04-22 15:58:41.544606
14,152,381,Message content 14,https://example.com/attachment_14.pdf,2023-10-24 04:56:57.417253
15,82,229,Message content 15,https://example.com/attachment_15.pdf,2023-10-02 05:41:56.905682
16,251,692,Message content 16,https://example.com/attachment_16.pdf,2024-10-14 16:40:52.649148
17,643,127,Message content 17,https://example.com/attachment_17.pdf,2024-12-07 17:52:04.125011
18,379,482,Message content 18,https://example.com/attachment_18.pdf,2023-10-03 15:15:58.973683
19,827,422,Message content 19,https://example.com/attachment_19.pdf,2023-10-21 17:30:25.882349
20,959,786,Message content 20,https://example.com/attachment_20.pdf,2024-05-23 19:56:42.149531
21,569,269,Message content 21,https://example.com/attachment_21.pdf,2024-06-28 08:21:50.917607
22,915,772,Message content 22,https://example.com/attachment_22.pdf,2023-12-22 09:40:33.562386
23,431,577,Message content 23,https://example.com/attachment_23.pdf,2024-10-26 03:11:21.957786
24,894,87,Message content 24,https://example.com/attachment_24.pdf,2023-05-04 01:54:59.415424
25,784,125,Message content 25,https://example.com/attachment_25.pdf,2023-10-31 00:46:06.694020
26,211,17,Message content 26,https://example.com/attachment_26.pdf,2024-08-11 02:26:24.120200
27,193,830,Message content 27,https://example.com/attachment_27.pdf,2024-04-13 13:25:21.298391
28,814,904,Message content 28,https://example.com/attachment_28.pdf,2024-09-16 07:31:17.721571
29,483,588,Message content 29,https://example.com/attachment_29.pdf,2024-05-29 20:32:56.702179
30,703,836,Message content 30,https://example.com/attachment_30.pdf,2024-01-18 05:21:02.456554
31,323,85,Message content 31,https://example.com/attachment_31.pdf,2023-12-07 20:14:52.674198
32,668,739,Message content 32,https://example.com/attachment_32.pdf,2024-12-06 16:14:52.162050
33,109,282,Message content 33,https://example.com/attachment_33.pdf,2024-08-09 23:34:21.989231
34,152,111,Message content 34,https://example.com/attachment_34.pdf,2024-02-27 17:11:05.415455
35,469,297,Message content 35,https://example.com/attachment_35.pdf,2024-02-15 14:23:16.752757
36,665,222,Message content 36,https://example.com/attachment_36.pdf,2023-03-10 13:42:03.776595
37,988,746,Message content 37,https://example.com/attachment_37.pdf,2024-02-14 10:22:16.609181
38,439,645,Message content 38,https://example.com/attachment_38.pdf,2023-09-15 22:40:36.026579
39,727,590,Message content 39,https://example.com/attachment_39.pdf,2024-03-25 00:40:45.680482
40,651,567,Message content 40,https://example.com/attachment_40.pdf,2023-04-18 16:56:11.626799
41,722,646,Message content 41,https://example.com/attachment_41.pdf,2023-02-16 14:03:19.915293
42,931,487,Message content 42,https://example.com/attachment_42.pdf,2023-03-16 03:21:59.260632
43,282,564,Message content 43,https://example.com/attachment_43.pdf,2024-06-04 01:46:27.745898
44,715,561,Message content 44,https://example.com/attachment_44.pdf,2023-08-19 19:35:53.744547
45,944,161,Message content 45,https://example.com/attachment_45.pdf,2024-11-24 20:16:10.034000
46,274,891,Message content 46,https://example.com/attachment_46.pdf,2024-09-03 15:57:53.961013
47,91,481,Message content 47,https://example.com/attachment_47.pdf,2024-03-28 01:30:51.246027
48,901,155,Message content 48,https://example.com/attachment_48.pdf,2023-06-22 11:51:06.299940
49,691,32,Message content 49,https://example.com/attachment_49.pdf,2023-12-15 23:40:33.596565
50,742,491,Message content 50,https://example.com/attachment_50.pdf,2023-04-14 09:52:43.337439
51,928,471,Message content 51,https://example.com/attachment_51.pdf,2024-01-19 16:25:53.636025
52,246,937,Message content 52,https://example.com/attachment_52.pdf,2024-09-26 20:42:03.165504
53,78,774,Message content 53,https://example.com/attachment_53.pdf,2023-12-18 01:35:29.598489
54,744,932,Message content 54,https://example.com/attachment_54.pdf,2023-06-11 14:37:19.924501
55,120,101,Message content 55,https://example.com/attachment_55.pdf,2023-01-04 07:38:00.156407
56,628,701,Message content 56,https://example.com/attachment_56.pdf,2023-11-04 10:34:09.378098
57,8,303,Message content 57,https://example.com/attachment_57.pdf,2023-12-17 18:07:14.916592
58,218,442,Message content 58,https://example.com/attachment_58.pdf,2023-02-03 01:35:03.237414
59,378,951,Message content 59,https://example.com/attachment_59.pdf,2024-11-27 06:12:34.957697
60,748,282,Message content 60,https://example.com/attachment_60.pdf,2023-03-04 06:30:00.628011
61,689,121,Message content 61,https://example.com/attachment_61.pdf,2023-04-16 05:56:58.365614
62,432,906,Message content 62,https://example.com/attachment_62.pdf,2023-12-21 13:09:55.901757
63,129,727,Message content 63,https://example.com/attachment_63.pdf,2024-02-20 19:20:28.911510
64,194,203,Message content 64,https://example.com/attachment_64.pdf,2023-12-02 07:45:22.687106
65,938,919,Message content 65,https://example.com/attachment_65.pdf,2024-11-04 20:23:54.729893
66,806,373,Message content 66,https://example.com/attachment_66.pdf,2023-04-08 23:49:46.361738
67,59,623,Message content 67,https://example.com/attachment_67.pdf,2024-02-06 12:40:38.545418
68,503,973,Message content 68,https://example.com/attachment_68.pdf,2024-02-21 10:42:14.767024
69,700,415,Message content 69,https://example.com/attachment_69.pdf,2023-06-22 13:17:55.665138
70,624,846,Message content 70,https://example.com/attachment_70.pdf,2024-09-05 00:43:06.876701
71,200,33,Message content 71,https://example.com/attachment_71.pdf,2023-06-17 17:16:46.046007
72,11,708,Message content 72,https://example.com/attachment_72.pdf,2024-02-13 23:00:24.690202
73,353,934,Message content 73,https://example.com/attachment_73.pdf,2024-04-05 13:53:39.704599
74,864,688,Message content 74,https://example.com/attachment_74.pdf,2023-08-31 14:47:41.261075
75,769,862,Message content 75,https://example.com/attachment_75.pdf,2023-06-18 18:31:38.322333
76,612,921,Message content 76,https://example.com/attachment_76.pdf,2023-03-24 07:03:03.826656
77,614,999,Message content 77,https://example.com/attachment_77.pdf,2023-10-17 11:24:28.848714
78,337,67,Message content 78,https://example.com/attachment_78.pdf,2024-01-01 07:56:36.693047
79,281,640,Message content 79,https://example.com/attachment_79.pdf,2024-03-01 13:12:53.896911
80,347,503,Message content 80,https://example.com/attachment_80.pdf,2024-08-04 13:44:29.863535
81,470,690,Message content 81,https://example.com/attachment_81.pdf,2023-08-12 21:14:59.098216
82,844,163,Message content 82,https://example.com/attachment_82.pdf,2023-11-15 15:08:44.690047
83,662,89,Message content 83,https://example.com/attachment_83.pdf,2023-04-12 18:27:16.045597
84,297,377,Message content 84,https://example.com/attachment_84.pdf,2023-09-18 19:17:42.768124
85,481,603,Message content 85,https://example.com/attachment_85.pdf,2023-02-06 11:29:14.142311
86,978,323,Message content 86,https://example.com/attachment_86.pdf,2024-06-30 20:03:07.186869
87,848,518,Message content 87,https://example.com/attachment_87.pdf,2023-03-03 18:05:33.941969
88,154,998,Message content 88,https://example.com/attachment_88.pdf,2023-10-02 01:43:17.408077
89,349,602,Message content 89,https://example.com/attachment_89.pdf,2023-03-21 00:42:47.528116
90,404,450,Message content 90,https://example.com/attachment_90.pdf,2023-01-07 10:40:26.071675
91,499,945,Message content 91,https://example.com/attachment_91.pdf,2023-03-11 14:15:58.311856
92,450,178,Message content 92,https://example.com/attachment_92.pdf,2024-03-11 17:18:14.664761
93,481,824,Message content 93,https://example.com/attachment_93.pdf,2024-01-23 09:25:16.616385
94,603,56,Message content 94,https://example.com/attachment_94.pdf,2024-01-19 14:56:47.633891
95,274,398,Message content 95,https://example.com/attachment_95.pdf,2024-03-05 13:15:17.838101
96,341,219,Message content 96,https://example.com/attachment_96.pdf,2023-06-06 05:08:17.831535
97,963,647,Message content 97,https://example.com/attachment_97.pdf,2023-06-28 21:46:56.137082
98,839,645,Message content 98,https://example.com/attachment_98.pdf,2024-07-25 06:11:50.528756
99,327,470,Message content 99,https://example.com/attachment_99.pdf,2023-06-19 22:20:09.459274
100,204,757,Message content 100,https://example.com/attachment_100.pdf,2023-01-22 09:24:29.955794
101,878,826,Message content 101,https://example.com/attachment_101.pdf,2023-12-19 22:08:20.939947
102,859,81,Message content 102,https://example.com/attachment_102.pdf,2024-10-12 07:32:24.207147
103,445,247,Message content 103,https://example.com/attachment_103.pdf,2023-09-25 03:31:49.404473
104,799,326,Message content 104,https://example.com/attachment_104.pdf,2023-07-30 19:53:40.027579
105,774,292,Message content 105,https://example.com/attachment_105.pdf,2024-10-07 23:38:31.262536
106,112,376,Message content 106,https://example.com/attachment_106.pdf,2024-11-28 18:32:59.058533
107,477,635,Message content 107,https://example.com/attachment_107.pdf,2024-06-07 02:54:00.951757
108,433,453,Message content 108,https://example.com/attachment_108.pdf,2024-08-11 19:38:45.245554
109,525,79,Message content 109,https://example.com/attachment_109.pdf,2024-06-12 15:40:56.558210
110,923,201,Message content 110,https://example.com/attachment_110.pdf,2024-03-19 12:16:49.581971
111,147,62,Message content 111,https://example.com/attachment_111.pdf,2023-03-27 12:46:11.452825
112,798,750,Message content 112,https://example.com/attachment_112.pdf,2023-03-03 05:41:41.907962
113,650,970,Message content 113,https://example.com/attachment_113.pdf,2024-07-19 14:37:01.291904
114,786,96,Message content 114,https://example.com/attachment_114.pdf,2024-12-17 19:05:02.412834
115,379,794,Message content 115,https://example.com/attachment_115.pdf,2023-12-12 10:58:17.439342
116,863,188,Message content 116,https://example.com/attachment_116.pdf,2023-05-01 15:26:04.011620
117,11,399,Message content 117,https://example.com/attachment_117.pdf,2024-08-26 19:38:01.437553
118,546,138,Message content 118,https://example.com/attachment_118.pdf,2023-04-23 03:22:55.199916
119,849,903,Message content 119,https://example.com/attachment_119.pdf,2024-08-17 18:27:54.049780
120,11,500,Message content 120,https://example.com/attachment_120.pdf,2023-04-20 06:17:43.778603
121,243,689,Message content 121,https://example.com/attachment_121.pdf,2023-10-03 11:00:21.372202
122,804,269,Message content 122,https://example.com/attachment_122.pdf,2023-09-08 11:39:57.848927
123,799,470,Message content 123,https://example.com/attachment_123.pdf,2024-02-17 03:58:04.910131
124,70,245,Message content 124,https://example.com/attachment_124.pdf,2024-08-01 08:47:10.254412
125,346,196,Message content 125,https://example.com/attachment_125.pdf,2024-08-12 12:11:48.939433
126,181,316,Message content 126,https://example.com/attachment_126.pdf,2024-08-21 12:32:08.846868
127,625,449,Message content 127,https://example.com/attachment_127.pdf,2023-09-20 19:19:05.968560
128,463,575,Message content 128,https://example.com/attachment_128.pdf,2024-08-28 21:45:14.065051
129,313,328,Message content 129,https://example.com/attachment_129.pdf,2023-12-20 01:47:57.473322
130,242,692,Message content 130,https://example.com/attachment_130.pdf,2023-04-11 23:33:07.493251
131,209,829,Message content 131,https://example.com/attachment_131.pdf,2023-06-19 03:25:33.571786
132,667,341,Message content 132,https://example.com/attachment_132.pdf,2023-09-18 11:51:59.468986
133,512,776,Message content 133,https://example.com/attachment_133.pdf,2024-12-02 22:11:01.323128
134,988,339,Message content 134,https://example.com/attachment_134.pdf,2024-10-27 05:24:23.473973
135,171,586,Message content 135,https://example.com/attachment_135.pdf,2023-09-25 03:59:18.963312
136,799,560,Message content 136,https://example.com/attachment_136.pdf,2023-02-17 18:38:04.067635
137,485,871,Message content 137,https://example.com/attachment_137.pdf,2024-12-15 23:02:22.009679
138,194,47,Message content 138,https://example.com/attachment_138.pdf,2024-11-28 10:46:10.296969
139,935,509,Message content 139,https://example.com/attachment_139.pdf,2023-04-03 23:23:02.081466
140,568,84,Message content 140,https://example.com/attachment_140.pdf,2023-08-08 12:23:07.487761
141,237,14,Message content 141,https://example.com/attachment_141.pdf,2024-09-02 02:08:30.168421
142,559,602,Message content 142,https://example.com/attachment_142.pdf,2024-05-25 15:09:21.834930
143,420,457,Message content 143,https://example.com/attachment_143.pdf,2023-07-18 07:52:26.901255
144,145,721,Message content 144,https://example.com/attachment_144.pdf,2023-07-18 00:14:45.918776
145,578,765,Message content 145,https://example.com/attachment_145.pdf,2024-04-04 11:31:29.220951
146,351,829,Message content 146,https://example.com/attachment_146.pdf,2023-11-03 18:18:32.377680
147,742,109,Message content 147,https://example.com/attachment_147.pdf,2024-08-29 21:11:33.152593
148,286,108,Message content 148,https://example.com/attachment_148.pdf,2024-10-19 08:18:16.620602
149,135,169,Message content 149,https://example.com/attachment_149.pdf,2023-10-26 09:21:11.019207
150,291,285,Message content 150,https://example.com/attachment_150.pdf,2023-06-28 10:38:22.096402
151,512,987,Message content 151,https://example.com/attachment_151.pdf,2024-07-07 16:21:01.072001
152,64,819,Message content 152,https://example.com/attachment_152.pdf,2023-12-20 22:36:04.183960
153,3,865,Message content 153,https://example.com/attachment_153.pdf,2023-02-25 19:44:37.083979
154,712,246,Message content 154,https://example.com/attachment_154.pdf,2024-03-01 05:19:43.473486
155,973,982,Message content 155,https://example.com/attachment_155.pdf,2023-05-30 01:03:03.607318
156,813,805,Message content 156,https://example.com/attachment_156.pdf,2024-12-08 15:12:51.692245
157,470,147,Message content 157,https://example.com/attachment_157.pdf,2024-09-18 09:16:05.219878
158,831,173,Message content 158,https://example.com/attachment_158.pdf,2023-06-13 15:38:33.475527
159,88,739,Message content 159,https://example.com/attachment_159.pdf,2023-12-27 23:48:00.750475
160,453,255,Message content 160,https://example.com/attachment_160.pdf,2024-12-10 16:54:12.351762
161,654,232,Message content 161,https://example.com/attachment_161.pdf,2023-04-02 16:08:44.760168
162,233,539,Message content 162,https://example.com/attachment_162.pdf,2023-10-11 13:54:03.099900
163,715,524,Message content 163,https://example.com/attachment_163.pdf,2023-04-30 12:11:15.901161
164,231,997,Message content 164,https://example.com/attachment_164.pdf,2023-02-07 20:01:10.513750
165,222,497,Message content 165,https://example.com/attachment_165.pdf,2024-03-31 09:54:44.460987
166,185,857,Message content 166,https://example.com/attachment_166.pdf,2024-07-13 01:50:30.848951
167,615,999,Message content 167,https://example.com/attachment_167.pdf,2023-06-08 04:17:39.766885
168,896,122,Message content 168,https://example.com/attachment_168.pdf,2024-11-16 07:15:01.133039
169,693,64,Message content 169,https://example.com/attachment_169.pdf,2023-11-09 18:52:55.759335
170,337,860,Message content 170,https://example.com/attachment_170.pdf,2023-02-01 17:31:36.293116
171,379,628,Message content 171,https://example.com/attachment_171.pdf,2023-03-20 04:25:12.971719
172,573,784,Message content 172,https://example.com/attachment_172.pdf,2024-07-08 00:52:41.325135
173,680,837,Message content 173,https://example.com/attachment_173.pdf,2024-12-07 14:51:45.467827
174,125,816,Message content 174,https://example.com/attachment_174.pdf,2023-05-17 03:48:37.247855
175,616,940,Message content 175,https://example.com/attachment_175.pdf,2023-06-01 23:33:04.796337
176,317,492,Message content 176,https://example.com/attachment_176.pdf,2023-08-21 01:07:02.070868
177,17,222,Message content 177,https://example.com/attachment_177.pdf,2024-12-13 18:48:57.200961
178,941,903,Message content 178,https://example.com/attachment_178.pdf,2023-11-15 13:33:50.520864
179,894,634,Message content 179,https://example.com/attachment_179.pdf,2023-10-05 01:40:41.806785
180,793,264,Message content 180,https://example.com/attachment_180.pdf,2024-06-02 08:29:11.062440
181,645,356,Message content 181,https://example.com/attachment_181.pdf,2023-12-08 16:54:51.547368
182,212,773,Message content 182,https://example.com/attachment_182.pdf,2023-09-06 09:20:18.064827
183,397,662,Message content 183,https://example.com/attachment_183.pdf,2024-05-31 19:07:37.438497
184,152,364,Message content 184,https://example.com/attachment_184.pdf,2024-05-13 02:37:01.565004
185,511,558,Message content 185,https://example.com/attachment_185.pdf,2023-01-20 20:30:05.948364
186,725,702,Message content 186,https://example.com/attachment_186.pdf,2023-09-27 12:19:19.456581
187,748,887,Message content 187,https://example.com/attachment_187.pdf,2023-01-01 21:09:12.434158
188,207,45,Message content 188,https://example.com/attachment_188.pdf,2024-07-30 13:59:45.892597
189,973,526,Message content 189,https://example.com/attachment_189.pdf,2023-01-08 02:00:25.553621
190,870,135,Message content 190,https://example.com/attachment_190.pdf,2023-01-04 14:45:03.369968
191,358,612,Message content 191,https://example.com/attachment_191.pdf,2024-10-08 05:23:39.027574
192,178,168,Message content 192,https://example.com/attachment_192.pdf,2024-06-08 02:57:48.860943
193,51,816,Message content 193,https://example.com/attachment_193.pdf,2023-12-07 08:58:00.943910
194,479,612,Message content 194,https://example.com/attachment_194.pdf,2023-05-23 10:07:18.022646
195,439,180,Message content 195,https://example.com/attachment_195.pdf,2024-08-19 07:26:22.037392
196,487,175,Message content 196,https://example.com/attachment_196.pdf,2024-09-12 10:01:11.064157
197,773,365,Message content 197,https://example.com/attachment_197.pdf,2023-07-14 06:15:16.530777
198,959,343,Message content 198,https://example.com/attachment_198.pdf,2023-05-28 07:57:14.657159
199,162,262,Message content 199,https://example.com/attachment_199.pdf,2024-02-05 21:34:14.913659
200,966,242,Message content 200,https://example.com/attachment_200.pdf,2024-03-25 23:59:47.141768
201,788,416,Message content 201,https://example.com/attachment_201.pdf,2024-02-21 09:36:22.248468
202,120,403,Message content 202,https://example.com/attachment_202.pdf,2023-12-29 23:06:32.296855
203,892,144,Message content 203,https://example.com/attachment_203.pdf,2024-01-15 03:23:06.711696
204,710,706,Message content 204,https://example.com/attachment_204.pdf,2023-03-09 18:29:04.558555
205,736,27,Message content 205,https://example.com/attachment_205.pdf,2023-05-23 18:41:52.158953
206,317,843,Message content 206,https://example.com/attachment_206.pdf,2023-01-11 07:05:52.383066
207,190,472,Message content 207,https://example.com/attachment_207.pdf,2024-05-05 11:30:22.727766
208,706,813,Message content 208,https://example.com/attachment_208.pdf,2023-02-20 08:05:35.665730
209,266,108,Message content 209,https://example.com/attachment_209.pdf,2023-05-08 10:01:46.325198
210,759,584,Message content 210,https://example.com/attachment_210.pdf,2023-02-15 15:08:58.416312
211,919,300,Message content 211,https://example.com/attachment_211.pdf,2024-03-05 13:44:44.312911
212,749,151,Message content 212,https://example.com/attachment_212.pdf,2023-08-20 07:42:32.339042
213,338,425,Message content 213,https://example.com/attachment_213.pdf,2024-12-20 11:19:07.918144
214,910,724,Message content 214,https://example.com/attachment_214.pdf,2023-01-06 15:11:21.929871
215,952,249,Message content 215,https://example.com/attachment_215.pdf,2023-05-16 02:17:02.004454
216,20,13,Message content 216,https://example.com/attachment_216.pdf,2024-02-24 06:12:09.973865
217,356,292,Message content 217,https://example.com/attachment_217.pdf,2023-05-26 00:48:55.879311
218,613,461,Message content 218,https://example.com/attachment_218.pdf,2024-12-05 14:27:27.256368
219,749,949,Message content 219,https://example.com/attachment_219.pdf,2023-04-14 12:35:43.005651
220,77,628,Message content 220,https://example.com/attachment_220.pdf,2024-06-20 00:04:44.981935
221,897,275,Message content 221,https://example.com/attachment_221.pdf,2023-02-08 03:18:45.518926
222,438,328,Message content 222,https://example.com/attachment_222.pdf,2023-06-11 10:52:19.901031
223,769,175,Message content 223,https://example.com/attachment_223.pdf,2023-11-15 10:21:49.846536
224,30,361,Message content 224,https://example.com/attachment_224.pdf,2024-08-17 15:04:21.002844
225,74,392,Message content 225,https://example.com/attachment_225.pdf,2023-03-16 02:00:08.205800
226,753,741,Message content 226,https://example.com/attachment_226.pdf,2023-05-13 03:35:40.075372
227,953,737,Message content 227,https://example.com/attachment_227.pdf,2023-10-20 22:06:50.540089
228,947,75,Message content 228,https://example.com/attachment_228.pdf,2024-09-14 04:17:00.149425
229,122,639,Message content 229,https://example.com/attachment_229.pdf,2023-03-23 12:09:17.276017
230,881,439,Message content 230,https://example.com/attachment_230.pdf,2024-02-14 16:25:26.393810
231,492,344,Message content 231,https://example.com/attachment_231.pdf,2024-05-25 21:42:01.721806
232,506,241,Message content 232,https://example.com/attachment_232.pdf,2023-11-21 05:06:35.095240
233,292,925,Message content 233,https://example.com/attachment_233.pdf,2024-06-01 01:41:32.945619
234,174,727,Message content 234,https://example.com/attachment_234.pdf,2023-07-02 06:29:06.066382
235,762,788,Message content 235,https://example.com/attachment_235.pdf,2023-01-10 12:50:10.174591
236,770,657,Message content 236,https://example.com/attachment_236.pdf,2023-08-13 07:10:56.853966
237,716,199,Message content 237,https://example.com/attachment_237.pdf,2023-05-28 06:58:33.508740
238,38,272,Message content 238,https://example.com/attachment_238.pdf,2024-04-14 06:48:36.662354
239,188,229,Message content 239,https://example.com/attachment_239.pdf,2023-01-13 21:08:49.351042
240,444,906,Message content 240,https://example.com/attachment_240.pdf,2023-11-15 15:54:21.303478
241,935,861,Message content 241,https://example.com/attachment_241.pdf,2023-11-09 03:20:20.054609
242,560,332,Message content 242,https://example.com/attachment_242.pdf,2023-06-06 11:38:44.677622
243,335,396,Message content 243,https://example.com/attachment_243.pdf,2024-04-10 23:06:11.146300
244,502,955,Message content 244,https://example.com/attachment_244.pdf,2023-12-04 03:11:06.529481
245,959,507,Message content 245,https://example.com/attachment_245.pdf,2023-02-19 04:37:56.443558
246,281,721,Message content 246,https://example.com/attachment_246.pdf,2023-06-08 01:30:45.256227
247,850,533,Message content 247,https://example.com/attachment_247.pdf,2023-06-06 01:06:58.026813
248,120,529,Message content 248,https://example.com/attachment_248.pdf,2023-08-16 12:40:05.990489
249,931,998,Message content 249,https://example.com/attachment_249.pdf,2024-03-16 16:39:06.366643
250,193,572,Message content 250,https://example.com/attachment_250.pdf,2023-10-31 08:27:15.656207
251,929,90,Message content 251,https://example.com/attachment_251.pdf,2024-06-17 11:28:50.048669
252,341,988,Message content 252,https://example.com/attachment_252.pdf,2024-07-27 01:32:29.218185
253,920,325,Message content 253,https://example.com/attachment_253.pdf,2024-01-23 04:42:57.183387
254,457,304,Message content 254,https://example.com/attachment_254.pdf,2023-01-26 18:01:09.126741
255,439,366,Message content 255,https://example.com/attachment_255.pdf,2023-03-23 13:49:08.249870
256,174,889,Message content 256,https://example.com/attachment_256.pdf,2023-06-15 03:22:05.028200
257,890,367,Message content 257,https://example.com/attachment_257.pdf,2024-11-03 14:25:37.052430
258,351,634,Message content 258,https://example.com/attachment_258.pdf,2023-08-06 07:05:04.764939
259,117,751,Message content 259,https://example.com/attachment_259.pdf,2023-06-05 13:25:51.352379
260,35,919,Message content 260,https://example.com/attachment_260.pdf,2023-09-10 02:03:04.553367
261,401,574,Message content 261,https://example.com/attachment_261.pdf,2023-11-30 10:32:57.246488
262,912,108,Message content 262,https://example.com/attachment_262.pdf,2023-03-21 07:23:35.413788
263,127,280,Message content 263,https://example.com/attachment_263.pdf,2024-06-10 16:46:45.687532
264,898,988,Message content 264,https://example.com/attachment_264.pdf,2023-12-17 19:52:02.616699
265,564,243,Message content 265,https://example.com/attachment_265.pdf,2023-05-02 15:11:10.368214
266,533,90,Message content 266,https://example.com/attachment_266.pdf,2023-11-01 21:51:23.433419
267,686,582,Message content 267,https://example.com/attachment_267.pdf,2024-08-17 11:44:42.665142
268,156,704,Message content 268,https://example.com/attachment_268.pdf,2023-07-24 15:42:19.212723
269,874,117,Message content 269,https://example.com/attachment_269.pdf,2023-01-02 07:15:51.273841
270,83,745,Message content 270,https://example.com/attachment_270.pdf,2024-12-10 21:47:18.432081
271,659,957,Message content 271,https://example.com/attachment_271.pdf,2024-02-27 15:06:08.323523
272,796,348,Message content 272,https://example.com/attachment_272.pdf,2024-01-24 03:24:43.799107
273,277,104,Message content 273,https://example.com/attachment_273.pdf,2024-09-11 22:04:09.237768
274,831,73,Message content 274,https://example.com/attachment_274.pdf,2023-11-11 23:41:56.689918
275,480,675,Message content 275,https://example.com/attachment_275.pdf,2024-07-09 14:41:22.147170
276,63,316,Message content 276,https://example.com/attachment_276.pdf,2023-06-25 21:26:35.994415
277,494,937,Message content 277,https://example.com/attachment_277.pdf,2023-11-25 14:01:25.244298
278,340,977,Message content 278,https://example.com/attachment_278.pdf,2023-04-21 16:44:33.617491
279,72,366,Message content 279,https://example.com/attachment_279.pdf,2023-06-14 06:28:05.610516
280,547,684,Message content 280,https://example.com/attachment_280.pdf,2024-02-26 00:28:39.115493
281,618,534,Message content 281,https://example.com/attachment_281.pdf,2024-07-03 08:55:43.644604
282,633,33,Message content 282,https://example.com/attachment_282.pdf,2024-07-29 16:35:11.695961
283,260,332,Message content 283,https://example.com/attachment_283.pdf,2023-09-28 06:00:08.442380
284,237,175,Message content 284,https://example.com/attachment_284.pdf,2024-01-21 11:43:10.012654
285,577,170,Message content 285,https://example.com/attachment_285.pdf,2024-09-24 13:54:37.610184
286,385,233,Message content 286,https://example.com/attachment_286.pdf,2024-08-31 10:35:13.105136
287,614,776,Message content 287,https://example.com/attachment_287.pdf,2023-09-01 20:22:41.054750
288,444,639,Message content 288,https://example.com/attachment_288.pdf,2023-03-14 01:55:47.986106
289,772,986,Message content 289,https://example.com/attachment_289.pdf,2023-05-08 22:08:12.930500
290,467,105,Message content 290,https://example.com/attachment_290.pdf,2024-09-11 18:28:07.771233
291,730,899,Message content 291,https://example.com/attachment_291.pdf,2023-07-09 16:06:54.053974
292,728,171,Message content 292,https://example.com/attachment_292.pdf,2023-03-27 15:51:22.778898
293,387,228,Message content 293,https://example.com/attachment_293.pdf,2023-06-20 20:51:52.582837
294,177,514,Message content 294,https://example.com/attachment_294.pdf,2024-02-10 16:33:59.043072
295,513,787,Message content 295,https://example.com/attachment_295.pdf,2023-12-04 18:54:46.971578
296,341,43,Message content 296,https://example.com/attachment_296.pdf,2023-09-03 14:56:00.063614
297,792,91,Message content 297,https://example.com/attachment_297.pdf,2023-01-22 23:18:39.722651
298,141,565,Message content 298,https://example.com/attachment_298.pdf,2024-11-05 01:04:19.128142
299,611,349,Message content 299,https://example.com/attachment_299.pdf,2023-04-09 15:49:14.787711
300,910,439,Message content 300,https://example.com/attachment_300.pdf,2023-12-19 01:40:48.395365
301,655,257,Message content 301,https://example.com/attachment_301.pdf,2024-06-16 21:20:53.389386
302,349,139,Message content 302,https://example.com/attachment_302.pdf,2024-07-10 04:48:31.884978
303,659,188,Message content 303,https://example.com/attachment_303.pdf,2024-10-06 20:36:37.717272
304,767,20,Message content 304,https://example.com/attachment_304.pdf,2023-02-22 16:14:59.636735
305,593,565,Message content 305,https://example.com/attachment_305.pdf,2023-01-21 04:08:25.607195
306,748,612,Message content 306,https://example.com/attachment_306.pdf,2023-05-13 20:13:25.718882
307,234,384,Message content 307,https://example.com/attachment_307.pdf,2023-07-25 23:57:11.056249
308,175,100,Message content 308,https://example.com/attachment_308.pdf,2023-10-20 20:07:14.707641
309,883,399,Message content 309,https://example.com/attachment_309.pdf,2024-04-25 02:22:16.169662
310,461,103,Message content 310,https://example.com/attachment_310.pdf,2024-02-11 19:27:31.995635
311,144,879,Message content 311,https://example.com/attachment_311.pdf,2024-04-22 08:58:48.952862
312,450,191,Message content 312,https://example.com/attachment_312.pdf,2024-07-04 01:59:00.890201
313,946,224,Message content 313,https://example.com/attachment_313.pdf,2024-10-28 06:13:33.536992
314,553,823,Message content 314,https://example.com/attachment_314.pdf,2024-08-26 18:35:33.061224
315,460,714,Message content 315,https://example.com/attachment_315.pdf,2024-08-28 18:53:48.062112
316,166,907,Message content 316,https://example.com/attachment_316.pdf,2024-06-18 10:06:34.607577
317,338,911,Message content 317,https://example.com/attachment_317.pdf,2024-08-26 19:33:09.434605
318,562,618,Message content 318,https://example.com/attachment_318.pdf,2024-03-20 08:02:34.209245
319,110,315,Message content 319,https://example.com/attachment_319.pdf,2023-04-26 22:23:27.968818
320,624,477,Message content 320,https://example.com/attachment_320.pdf,2024-02-27 04:41:06.179843
321,775,579,Message content 321,https://example.com/attachment_321.pdf,2023-01-02 00:28:17.368338
322,220,105,Message content 322,https://example.com/attachment_322.pdf,2023-02-27 02:31:44.400077
323,98,101,Message content 323,https://example.com/attachment_323.pdf,2024-01-19 09:41:48.714536
324,619,278,Message content 324,https://example.com/attachment_324.pdf,2024-02-08 14:43:43.593898
325,44,370,Message content 325,https://example.com/attachment_325.pdf,2024-04-08 10:53:16.825851
326,959,447,Message content 326,https://example.com/attachment_326.pdf,2023-09-30 18:03:26.594997
327,512,489,Message content 327,https://example.com/attachment_327.pdf,2023-07-04 02:02:17.916056
328,478,328,Message content 328,https://example.com/attachment_328.pdf,2023-09-19 00:52:32.422439
329,355,504,Message content 329,https://example.com/attachment_329.pdf,2024-05-31 13:59:44.460556
330,890,429,Message content 330,https://example.com/attachment_330.pdf,2024-02-26 16:11:40.973187
331,622,505,Message content 331,https://example.com/attachment_331.pdf,2023-09-06 22:21:44.320318
332,187,450,Message content 332,https://example.com/attachment_332.pdf,2024-04-02 10:21:18.104942
333,414,618,Message content 333,https://example.com/attachment_333.pdf,2024-05-25 19:24:50.942064
334,626,832,Message content 334,https://example.com/attachment_334.pdf,2024-08-17 08:13:07.992422
335,93,591,Message content 335,https://example.com/attachment_335.pdf,2024-02-11 10:16:25.438040
336,149,71,Message content 336,https://example.com/attachment_336.pdf,2024-10-09 05:44:32.559896
337,74,533,Message content 337,https://example.com/attachment_337.pdf,2024-07-17 16:55:46.672016
338,977,879,Message content 338,https://example.com/attachment_338.pdf,2023-11-24 22:44:55.128918
339,471,79,Message content 339,https://example.com/attachment_339.pdf,2024-11-14 21:55:44.246582
340,320,527,Message content 340,https://example.com/attachment_340.pdf,2024-12-12 19:27:33.294744
341,73,767,Message content 341,https://example.com/attachment_341.pdf,2023-12-27 04:00:36.898791
342,813,527,Message content 342,https://example.com/attachment_342.pdf,2023-11-13 04:50:03.558245
343,246,244,Message content 343,https://example.com/attachment_343.pdf,2023-06-20 04:02:18.543982
344,831,956,Message content 344,https://example.com/attachment_344.pdf,2023-08-11 22:06:33.112906
345,250,765,Message content 345,https://example.com/attachment_345.pdf,2023-06-24 07:31:43.153371
346,101,545,Message content 346,https://example.com/attachment_346.pdf,2024-06-12 08:13:09.136735
347,426,228,Message content 347,https://example.com/attachment_347.pdf,2023-11-28 18:19:41.407176
348,356,966,Message content 348,https://example.com/attachment_348.pdf,2023-05-13 03:01:45.922685
349,249,18,Message content 349,https://example.com/attachment_349.pdf,2024-10-14 09:46:58.658369
350,819,350,Message content 350,https://example.com/attachment_350.pdf,2024-03-23 10:16:24.831553
351,127,542,Message content 351,https://example.com/attachment_351.pdf,2023-02-12 21:16:57.781942
352,86,855,Message content 352,https://example.com/attachment_352.pdf,2024-12-19 18:16:43.633723
353,278,878,Message content 353,https://example.com/attachment_353.pdf,2023-11-10 09:31:30.311043
354,966,74,Message content 354,https://example.com/attachment_354.pdf,2023-09-01 01:49:07.523399
355,909,918,Message content 355,https://example.com/attachment_355.pdf,2023-08-13 21:53:33.496710
356,619,535,Message content 356,https://example.com/attachment_356.pdf,2023-04-22 02:10:30.587532
357,154,827,Message content 357,https://example.com/attachment_357.pdf,2024-03-09 16:05:18.788035
358,821,455,Message content 358,https://example.com/attachment_358.pdf,2023-07-22 13:11:25.597036
359,806,701,Message content 359,https://example.com/attachment_359.pdf,2023-08-18 15:34:39.719112
360,285,365,Message content 360,https://example.com/attachment_360.pdf,2023-04-17 20:03:59.636571
361,38,325,Message content 361,https://example.com/attachment_361.pdf,2024-10-05 05:42:58.688347
362,486,916,Message content 362,https://example.com/attachment_362.pdf,2024-03-18 07:13:01.869268
363,785,449,Message content 363,https://example.com/attachment_363.pdf,2023-01-22 01:16:58.153745
364,237,815,Message content 364,https://example.com/attachment_364.pdf,2024-07-15 05:02:27.522927
365,854,259,Message content 365,https://example.com/attachment_365.pdf,2024-06-11 05:58:45.947239
366,918,366,Message content 366,https://example.com/attachment_366.pdf,2023-06-25 14:06:10.106361
367,495,798,Message content 367,https://example.com/attachment_367.pdf,2023-05-14 16:59:11.418325
368,705,537,Message content 368,https://example.com/attachment_368.pdf,2023-08-21 17:40:50.636905
369,341,709,Message content 369,https://example.com/attachment_369.pdf,2024-12-11 21:27:00.550885
370,990,758,Message content 370,https://example.com/attachment_370.pdf,2023-11-06 21:52:22.027355
371,135,98,Message content 371,https://example.com/attachment_371.pdf,2023-12-23 19:07:30.589499
372,693,479,Message content 372,https://example.com/attachment_372.pdf,2023-02-10 01:04:44.344223
373,787,241,Message content 373,https://example.com/attachment_373.pdf,2023-09-26 16:27:37.163834
374,481,489,Message content 374,https://example.com/attachment_374.pdf,2023-11-28 21:04:41.497472
375,762,333,Message content 375,https://example.com/attachment_375.pdf,2024-03-07 19:15:57.998260
376,861,48,Message content 376,https://example.com/attachment_376.pdf,2023-06-29 09:14:46.416017
377,680,453,Message content 377,https://example.com/attachment_377.pdf,2023-08-29 00:35:52.202154
378,134,895,Message content 378,https://example.com/attachment_378.pdf,2023-05-12 21:41:44.657144
379,127,99,Message content 379,https://example.com/attachment_379.pdf,2023-03-16 22:27:39.082190
380,132,572,Message content 380,https://example.com/attachment_380.pdf,2023-07-14 04:44:20.507262
381,385,917,Message content 381,https://example.com/attachment_381.pdf,2023-09-12 04:37:07.408035
382,210,43,Message content 382,https://example.com/attachment_382.pdf,2024-01-31 21:26:27.881265
383,887,161,Message content 383,https://example.com/attachment_383.pdf,2024-05-22 19:31:41.072633
384,552,157,Message content 384,https://example.com/attachment_384.pdf,2023-12-13 05:37:16.605149
385,480,240,Message content 385,https://example.com/attachment_385.pdf,2024-05-23 01:02:55.957979
386,965,97,Message content 386,https://example.com/attachment_386.pdf,2023-10-06 16:56:41.334776
387,596,51,Message content 387,https://example.com/attachment_387.pdf,2024-10-18 06:01:20.795192
388,257,977,Message content 388,https://example.com/attachment_388.pdf,2024-10-07 11:31:40.386309
389,539,794,Message content 389,https://example.com/attachment_389.pdf,2023-10-31 03:44:15.609659
390,496,784,Message content 390,https://example.com/attachment_390.pdf,2023-09-28 02:01:21.117007
391,161,324,Message content 391,https://example.com/attachment_391.pdf,2024-11-02 06:29:44.987964
392,756,908,Message content 392,https://example.com/attachment_392.pdf,2023-09-19 02:46:39.486506
393,872,562,Message content 393,https://example.com/attachment_393.pdf,2023-02-04 18:21:09.336216
394,982,188,Message content 394,https://example.com/attachment_394.pdf,2023-01-10 04:07:44.899741
395,71,102,Message content 395,https://example.com/attachment_395.pdf,2024-06-12 19:38:28.656156
396,140,311,Message content 396,https://example.com/attachment_396.pdf,2024-05-21 19:51:15.307495
397,622,85,Message content 397,https://example.com/attachment_397.pdf,2024-02-20 17:52:38.342951
398,933,672,Message content 398,https://example.com/attachment_398.pdf,2024-09-25 19:41:07.328666
399,201,228,Message content 399,https://example.com/attachment_399.pdf,2023-12-14 18:09:23.265784
400,19,96,Message content 400,https://example.com/attachment_400.pdf,2024-01-11 08:43:21.615805
401,518,327,Message content 401,https://example.com/attachment_401.pdf,2023-04-24 09:08:20.184838
402,418,252,Message content 402,https://example.com/attachment_402.pdf,2024-05-26 23:42:12.847055
403,85,533,Message content 403,https://example.com/attachment_403.pdf,2023-06-21 08:12:37.388037
404,482,650,Message content 404,https://example.com/attachment_404.pdf,2023-04-27 03:45:16.864157
405,62,331,Message content 405,https://example.com/attachment_405.pdf,2023-07-06 20:34:24.388724
406,381,606,Message content 406,https://example.com/attachment_406.pdf,2024-01-20 17:06:02.269973
407,193,589,Message content 407,https://example.com/attachment_407.pdf,2023-09-03 18:40:10.780213
408,284,482,Message content 408,https://example.com/attachment_408.pdf,2023-09-18 13:36:06.472984
409,723,991,Message content 409,https://example.com/attachment_409.pdf,2024-11-10 22:09:34.762246
410,591,761,Message content 410,https://example.com/attachment_410.pdf,2024-05-18 19:39:28.351279
411,885,84,Message content 411,https://example.com/attachment_411.pdf,2024-04-22 10:26:27.302030
412,631,56,Message content 412,https://example.com/attachment_412.pdf,2023-05-24 15:39:08.733052
413,154,324,Message content 413,https://example.com/attachment_413.pdf,2023-03-23 00:37:42.851707
414,578,502,Message content 414,https://example.com/attachment_414.pdf,2024-07-04 21:53:12.862949
415,793,937,Message content 415,https://example.com/attachment_415.pdf,2023-10-31 07:27:44.841681
416,193,352,Message content 416,https://example.com/attachment_416.pdf,2023-06-21 02:38:55.372674
417,129,784,Message content 417,https://example.com/attachment_417.pdf,2024-04-08 18:25:34.207159
418,79,482,Message content 418,https://example.com/attachment_418.pdf,2023-09-26 04:48:02.322573
419,377,812,Message content 419,https://example.com/attachment_419.pdf,2023-06-30 07:29:03.463956
420,656,204,Message content 420,https://example.com/attachment_420.pdf,2023-08-21 20:45:45.200357
421,87,608,Message content 421,https://example.com/attachment_421.pdf,2024-10-11 16:39:46.105888
422,155,153,Message content 422,https://example.com/attachment_422.pdf,2023-05-31 01:36:19.120833
423,62,289,Message content 423,https://example.com/attachment_423.pdf,2024-10-31 05:03:31.204539
424,940,638,Message content 424,https://example.com/attachment_424.pdf,2023-07-29 02:00:11.568778
425,107,310,Message content 425,https://example.com/attachment_425.pdf,2024-02-03 13:48:45.540468
426,496,404,Message content 426,https://example.com/attachment_426.pdf,2023-01-09 06:05:07.207206
427,591,489,Message content 427,https://example.com/attachment_427.pdf,2024-11-13 14:41:48.826075
428,717,359,Message content 428,https://example.com/attachment_428.pdf,2023-09-22 23:24:31.001368
429,78,833,Message content 429,https://example.com/attachment_429.pdf,2024-05-09 16:23:21.878652
430,432,543,Message content 430,https://example.com/attachment_430.pdf,2024-04-23 11:01:18.607044
431,799,536,Message content 431,https://example.com/attachment_431.pdf,2023-02-23 22:15:33.272528
432,715,907,Message content 432,https://example.com/attachment_432.pdf,2024-03-29 15:47:09.107458
433,119,987,Message content 433,https://example.com/attachment_433.pdf,2023-02-12 06:43:31.167591
434,317,654,Message content 434,https://example.com/attachment_434.pdf,2023-04-13 14:43:03.259615
435,863,734,Message content 435,https://example.com/attachment_435.pdf,2023-06-06 01:03:25.418672
436,153,784,Message content 436,https://example.com/attachment_436.pdf,2023-06-03 09:25:00.306429
437,562,413,Message content 437,https://example.com/attachment_437.pdf,2023-10-07 01:28:56.659212
438,11,362,Message content 438,https://example.com/attachment_438.pdf,2024-07-02 18:26:27.058796
439,415,333,Message content 439,https://example.com/attachment_439.pdf,2023-07-15 00:41:54.588574
440,560,517,Message content 440,https://example.com/attachment_440.pdf,2023-06-13 12:59:54.278172
441,863,458,Message content 441,https://example.com/attachment_441.pdf,2023-01-15 21:52:32.620618
442,611,524,Message content 442,https://example.com/attachment_442.pdf,2023-07-29 03:45:16.822123
443,183,85,Message content 443,https://example.com/attachment_443.pdf,2024-10-25 20:37:55.346312
444,248,785,Message content 444,https://example.com/attachment_444.pdf,2024-03-16 09:24:49.660742
445,420,555,Message content 445,https://example.com/attachment_445.pdf,2023-02-15 21:27:16.685944
446,779,697,Message content 446,https://example.com/attachment_446.pdf,2024-04-26 05:24:56.264098
447,51,197,Message content 447,https://example.com/attachment_447.pdf,2023-05-18 23:52:23.429185
448,699,494,Message content 448,https://example.com/attachment_448.pdf,2024-05-23 08:36:53.713394
449,273,628,Message content 449,https://example.com/attachment_449.pdf,2024-09-24 18:18:42.993039
450,903,603,Message content 450,https://example.com/attachment_450.pdf,2023-11-10 09:54:25.970287
451,794,215,Message content 451,https://example.com/attachment_451.pdf,2024-06-18 05:13:27.203948
452,252,977,Message content 452,https://example.com/attachment_452.pdf,2024-03-26 06:43:44.555104
453,776,794,Message content 453,https://example.com/attachment_453.pdf,2023-08-31 20:39:37.064592
454,886,92,Message content 454,https://example.com/attachment_454.pdf,2024-04-10 10:44:47.845630
455,707,381,Message content 455,https://example.com/attachment_455.pdf,2024-06-23 18:30:30.040790
456,108,250,Message content 456,https://example.com/attachment_456.pdf,2024-12-27 09:58:44.815432
457,398,686,Message content 457,https://example.com/attachment_457.pdf,2024-02-12 05:20:32.538277
458,37,935,Message content 458,https://example.com/attachment_458.pdf,2024-09-12 16:17:58.363038
459,756,254,Message content 459,https://example.com/attachment_459.pdf,2024-11-29 17:27:27.727347
460,597,715,Message content 460,https://example.com/attachment_460.pdf,2024-08-15 14:37:59.228494
461,650,909,Message content 461,https://example.com/attachment_461.pdf,2023-03-26 22:24:46.370336
462,655,144,Message content 462,https://example.com/attachment_462.pdf,2023-02-20 16:48:46.700068
463,660,21,Message content 463,https://example.com/attachment_463.pdf,2024-12-10 11:55:26.498736
464,692,719,Message content 464,https://example.com/attachment_464.pdf,2023-02-12 14:20:38.525852
465,889,46,Message content 465,https://example.com/attachment_465.pdf,2023-09-11 18:13:06.968494
466,608,402,Message content 466,https://example.com/attachment_466.pdf,2024-12-29 16:48:56.632674
467,570,821,Message content 467,https://example.com/attachment_467.pdf,2024-04-09 15:22:01.796373
468,578,942,Message content 468,https://example.com/attachment_468.pdf,2024-06-13 04:50:27.498232
469,842,201,Message content 469,https://example.com/attachment_469.pdf,2023-11-03 23:25:08.696482
470,629,328,Message content 470,https://example.com/attachment_470.pdf,2024-08-26 15:09:34.971590
471,96,823,Message content 471,https://example.com/attachment_471.pdf,2024-08-07 03:04:38.220633
472,417,761,Message content 472,https://example.com/attachment_472.pdf,2023-01-15 14:16:57.437271
473,984,736,Message content 473,https://example.com/attachment_473.pdf,2023-05-05 11:24:45.598824
474,640,171,Message content 474,https://example.com/attachment_474.pdf,2023-11-30 10:16:57.362102
475,542,742,Message content 475,https://example.com/attachment_475.pdf,2024-11-03 09:17:07.724394
476,18,115,Message content 476,https://example.com/attachment_476.pdf,2023-04-21 16:24:38.819690
477,94,757,Message content 477,https://example.com/attachment_477.pdf,2024-11-02 12:01:21.411341
478,763,851,Message content 478,https://example.com/attachment_478.pdf,2023-07-02 21:54:46.323434
479,93,661,Message content 479,https://example.com/attachment_479.pdf,2024-07-01 18:35:51.777665
480,473,739,Message content 480,https://example.com/attachment_480.pdf,2024-09-02 10:44:06.454384
481,963,277,Message content 481,https://example.com/attachment_481.pdf,2024-03-06 09:54:12.416382
482,340,176,Message content 482,https://example.com/attachment_482.pdf,2024-06-17 16:21:47.484536
483,295,959,Message content 483,https://example.com/attachment_483.pdf,2023-06-17 03:46:08.580619
484,596,937,Message content 484,https://example.com/attachment_484.pdf,2024-04-14 05:53:03.577805
485,796,404,Message content 485,https://example.com/attachment_485.pdf,2023-08-19 02:30:38.039879
486,333,443,Message content 486,https://example.com/attachment_486.pdf,2023-11-17 09:09:08.137752
487,897,197,Message content 487,https://example.com/attachment_487.pdf,2023-11-08 12:30:29.799262
488,241,528,Message content 488,https://example.com/attachment_488.pdf,2024-10-21 08:51:47.558631
489,284,329,Message content 489,https://example.com/attachment_489.pdf,2023-02-23 10:43:12.006825
490,656,182,Message content 490,https://example.com/attachment_490.pdf,2023-01-21 11:32:55.982700
491,31,557,Message content 491,https://example.com/attachment_491.pdf,2024-11-18 04:37:11.684757
492,742,248,Message content 492,https://example.com/attachment_492.pdf,2023-03-24 01:09:33.858475
493,15,385,Message content 493,https://example.com/attachment_493.pdf,2024-10-29 13:29:04.262560
494,553,104,Message content 494,https://example.com/attachment_494.pdf,2024-05-15 14:49:16.876560
495,9,2,Message content 495,https://example.com/attachment_495.pdf,2024-07-31 10:16:21.487176
496,798,844,Message content 496,https://example.com/attachment_496.pdf,2023-11-13 07:36:31.890145
497,738,613,Message content 497,https://example.com/attachment_497.pdf,2023-05-24 19:09:29.602097
498,279,396,Message content 498,https://example.com/attachment_498.pdf,2024-06-18 14:27:37.897926
499,241,697,Message content 499,https://example.com/attachment_499.pdf,2023-08-29 06:38:43.636964
500,732,793,Message content 500,https://example.com/attachment_500.pdf,2024-03-12 07:24:47.439522
501,78,646,Message content 501,https://example.com/attachment_501.pdf,2023-01-27 11:15:08.647976
502,459,978,Message content 502,https://example.com/attachment_502.pdf,2024-08-05 13:39:33.951449
503,585,562,Message content 503,https://example.com/attachment_503.pdf,2023-10-14 00:36:18.490340
504,404,638,Message content 504,https://example.com/attachment_504.pdf,2024-09-18 09:14:25.395501
505,364,731,Message content 505,https://example.com/attachment_505.pdf,2024-11-27 13:13:57.213672
506,818,843,Message content 506,https://example.com/attachment_506.pdf,2023-01-14 09:56:51.751127
507,775,639,Message content 507,https://example.com/attachment_507.pdf,2023-11-08 02:06:21.250317
508,881,512,Message content 508,https://example.com/attachment_508.pdf,2023-01-06 21:58:51.992430
509,174,304,Message content 509,https://example.com/attachment_509.pdf,2023-03-04 11:10:51.175520
510,887,623,Message content 510,https://example.com/attachment_510.pdf,2023-08-18 06:52:33.234508
511,953,653,Message content 511,https://example.com/attachment_511.pdf,2024-08-19 22:04:34.035559
512,107,290,Message content 512,https://example.com/attachment_512.pdf,2023-12-12 00:31:05.530990
513,21,225,Message content 513,https://example.com/attachment_513.pdf,2023-03-06 07:39:56.946296
514,170,246,Message content 514,https://example.com/attachment_514.pdf,2023-07-10 07:31:36.516664
515,336,287,Message content 515,https://example.com/attachment_515.pdf,2023-08-14 17:52:49.857455
516,544,603,Message content 516,https://example.com/attachment_516.pdf,2024-06-01 14:11:49.115553
517,815,491,Message content 517,https://example.com/attachment_517.pdf,2024-02-03 23:14:43.900639
518,400,111,Message content 518,https://example.com/attachment_518.pdf,2023-02-22 01:23:03.754541
519,961,526,Message content 519,https://example.com/attachment_519.pdf,2023-05-21 01:26:56.105317
520,962,416,Message content 520,https://example.com/attachment_520.pdf,2023-04-04 05:09:07.739310
521,810,483,Message content 521,https://example.com/attachment_521.pdf,2023-12-24 14:19:39.905279
522,545,750,Message content 522,https://example.com/attachment_522.pdf,2023-06-14 04:16:04.516986
523,839,731,Message content 523,https://example.com/attachment_523.pdf,2024-06-11 15:59:25.948380
524,144,517,Message content 524,https://example.com/attachment_524.pdf,2024-11-23 08:58:07.807841
525,149,325,Message content 525,https://example.com/attachment_525.pdf,2024-03-15 22:31:45.405729
526,762,77,Message content 526,https://example.com/attachment_526.pdf,2024-10-20 23:23:08.555897
527,335,667,Message content 527,https://example.com/attachment_527.pdf,2023-08-08 17:54:54.240154
528,780,264,Message content 528,https://example.com/attachment_528.pdf,2024-07-09 13:33:03.469851
529,83,473,Message content 529,https://example.com/attachment_529.pdf,2024-05-28 01:39:30.398554
530,372,643,Message content 530,https://example.com/attachment_530.pdf,2023-07-26 17:09:49.271953
531,283,606,Message content 531,https://example.com/attachment_531.pdf,2024-07-10 01:38:20.059014
532,160,555,Message content 532,https://example.com/attachment_532.pdf,2024-07-08 18:32:43.519597
533,391,908,Message content 533,https://example.com/attachment_533.pdf,2023-04-02 15:09:16.916364
534,297,829,Message content 534,https://example.com/attachment_534.pdf,2023-02-06 13:53:02.580427
535,961,536,Message content 535,https://example.com/attachment_535.pdf,2024-09-22 00:48:23.172508
536,134,323,Message content 536,https://example.com/attachment_536.pdf,2023-02-02 23:00:00.383862
537,522,181,Message content 537,https://example.com/attachment_537.pdf,2023-05-07 21:11:55.365084
538,465,164,Message content 538,https://example.com/attachment_538.pdf,2023-10-27 15:55:33.015735
539,11,463,Message content 539,https://example.com/attachment_539.pdf,2023-07-26 19:45:57.422394
540,906,510,Message content 540,https://example.com/attachment_540.pdf,2024-06-13 22:58:18.919343
541,723,562,Message content 541,https://example.com/attachment_541.pdf,2024-09-06 19:51:00.366914
542,303,143,Message content 542,https://example.com/attachment_542.pdf,2023-06-20 00:00:55.964966
543,221,19,Message content 543,https://example.com/attachment_543.pdf,2023-08-07 07:35:01.830734
544,504,96,Message content 544,https://example.com/attachment_544.pdf,2023-11-11 19:28:05.802913
545,868,612,Message content 545,https://example.com/attachment_545.pdf,2023-03-04 13:47:09.470921
546,737,393,Message content 546,https://example.com/attachment_546.pdf,2024-12-17 00:04:08.909274
547,962,984,Message content 547,https://example.com/attachment_547.pdf,2023-01-24 09:50:47.419436
548,137,776,Message content 548,https://example.com/attachment_548.pdf,2024-08-04 21:37:05.348158
549,635,655,Message content 549,https://example.com/attachment_549.pdf,2023-03-22 00:32:52.677677
550,459,750,Message content 550,https://example.com/attachment_550.pdf,2023-04-01 22:47:48.867785
551,543,972,Message content 551,https://example.com/attachment_551.pdf,2023-09-04 06:26:45.159469
552,96,203,Message content 552,https://example.com/attachment_552.pdf,2024-10-03 21:08:17.449715
553,414,853,Message content 553,https://example.com/attachment_553.pdf,2023-01-20 08:19:01.215923
554,832,155,Message content 554,https://example.com/attachment_554.pdf,2024-12-31 20:15:16.161520
555,368,289,Message content 555,https://example.com/attachment_555.pdf,2023-06-13 05:06:55.179190
556,50,620,Message content 556,https://example.com/attachment_556.pdf,2023-06-13 04:32:23.869198
557,622,822,Message content 557,https://example.com/attachment_557.pdf,2023-07-24 03:59:16.571192
558,160,448,Message content 558,https://example.com/attachment_558.pdf,2023-07-05 16:08:32.968569
559,603,707,Message content 559,https://example.com/attachment_559.pdf,2023-04-02 23:12:39.670178
560,75,905,Message content 560,https://example.com/attachment_560.pdf,2024-10-27 01:18:24.265997
561,104,137,Message content 561,https://example.com/attachment_561.pdf,2024-09-28 02:05:25.771514
562,882,880,Message content 562,https://example.com/attachment_562.pdf,2024-06-28 17:07:48.047619
563,964,203,Message content 563,https://example.com/attachment_563.pdf,2023-08-28 23:20:35.426466
564,775,229,Message content 564,https://example.com/attachment_564.pdf,2024-09-15 18:40:58.245441
565,85,36,Message content 565,https://example.com/attachment_565.pdf,2023-03-31 19:59:35.313766
566,608,334,Message content 566,https://example.com/attachment_566.pdf,2024-04-15 20:20:39.414948
567,994,319,Message content 567,https://example.com/attachment_567.pdf,2023-11-05 17:10:10.920313
568,840,517,Message content 568,https://example.com/attachment_568.pdf,2023-04-15 18:21:16.501247
569,417,663,Message content 569,https://example.com/attachment_569.pdf,2023-08-26 02:02:23.113372
570,445,99,Message content 570,https://example.com/attachment_570.pdf,2023-12-07 00:41:16.345670
571,450,781,Message content 571,https://example.com/attachment_571.pdf,2023-10-19 03:09:13.089435
572,234,940,Message content 572,https://example.com/attachment_572.pdf,2024-05-05 23:02:45.758825
573,988,99,Message content 573,https://example.com/attachment_573.pdf,2023-04-03 11:13:09.541333
574,328,291,Message content 574,https://example.com/attachment_574.pdf,2024-03-20 00:38:02.509725
575,967,732,Message content 575,https://example.com/attachment_575.pdf,2023-09-09 08:07:04.429771
576,883,644,Message content 576,https://example.com/attachment_576.pdf,2023-07-27 08:32:40.596553
577,619,877,Message content 577,https://example.com/attachment_577.pdf,2023-01-09 04:55:36.847665
578,219,834,Message content 578,https://example.com/attachment_578.pdf,2023-12-24 04:40:14.182907
579,354,96,Message content 579,https://example.com/attachment_579.pdf,2023-04-28 13:47:52.072284
580,895,937,Message content 580,https://example.com/attachment_580.pdf,2024-03-01 21:31:50.881917
581,998,2,Message content 581,https://example.com/attachment_581.pdf,2023-06-28 20:25:21.177116
582,814,760,Message content 582,https://example.com/attachment_582.pdf,2023-08-12 10:49:03.778848
583,529,410,Message content 583,https://example.com/attachment_583.pdf,2024-06-19 04:09:21.781598
584,561,309,Message content 584,https://example.com/attachment_584.pdf,2023-02-02 15:42:10.688602
585,953,495,Message content 585,https://example.com/attachment_585.pdf,2023-05-08 19:08:04.763140
586,806,419,Message content 586,https://example.com/attachment_586.pdf,2023-08-22 15:10:50.887679
587,954,702,Message content 587,https://example.com/attachment_587.pdf,2023-10-08 23:45:55.098300
588,816,449,Message content 588,https://example.com/attachment_588.pdf,2023-02-17 14:58:12.954892
589,286,433,Message content 589,https://example.com/attachment_589.pdf,2023-07-26 08:46:34.119633
590,173,304,Message content 590,https://example.com/attachment_590.pdf,2023-10-05 13:45:22.261841
591,694,351,Message content 591,https://example.com/attachment_591.pdf,2024-08-23 01:41:20.314642
592,50,431,Message content 592,https://example.com/attachment_592.pdf,2024-06-01 20:01:38.262126
593,739,657,Message content 593,https://example.com/attachment_593.pdf,2023-09-19 04:43:00.676930
594,867,319,Message content 594,https://example.com/attachment_594.pdf,2024-12-16 11:44:21.972311
595,537,233,Message content 595,https://example.com/attachment_595.pdf,2023-09-19 02:01:44.334841
596,712,38,Message content 596,https://example.com/attachment_596.pdf,2024-10-05 06:15:47.398322
597,487,52,Message content 597,https://example.com/attachment_597.pdf,2024-03-16 14:25:29.294465
598,229,378,Message content 598,https://example.com/attachment_598.pdf,2024-05-27 08:40:12.801951
599,778,243,Message content 599,https://example.com/attachment_599.pdf,2023-04-25 19:57:57.212286
600,176,211,Message content 600,https://example.com/attachment_600.pdf,2024-09-01 22:55:28.744315
601,209,785,Message content 601,https://example.com/attachment_601.pdf,2024-07-01 16:55:34.243507
602,355,485,Message content 602,https://example.com/attachment_602.pdf,2023-10-06 10:43:50.654893
603,336,860,Message content 603,https://example.com/attachment_603.pdf,2024-02-12 03:38:11.503278
604,397,231,Message content 604,https://example.com/attachment_604.pdf,2023-03-25 01:07:12.264306
605,850,86,Message content 605,https://example.com/attachment_605.pdf,2023-10-03 07:54:43.005466
606,790,701,Message content 606,https://example.com/attachment_606.pdf,2024-08-16 23:02:07.901452
607,197,164,Message content 607,https://example.com/attachment_607.pdf,2024-01-25 14:32:30.766707
608,725,174,Message content 608,https://example.com/attachment_608.pdf,2023-07-16 11:20:01.179279
609,386,71,Message content 609,https://example.com/attachment_609.pdf,2023-09-18 07:04:08.036996
610,932,693,Message content 610,https://example.com/attachment_610.pdf,2024-02-20 09:55:32.359642
611,398,266,Message content 611,https://example.com/attachment_611.pdf,2024-01-26 08:56:43.560096
612,953,616,Message content 612,https://example.com/attachment_612.pdf,2024-09-19 03:18:29.444295
613,12,257,Message content 613,https://example.com/attachment_613.pdf,2023-12-04 13:19:39.940078
614,113,784,Message content 614,https://example.com/attachment_614.pdf,2024-05-02 21:40:52.552144
615,41,535,Message content 615,https://example.com/attachment_615.pdf,2024-10-20 09:34:55.061541
616,847,124,Message content 616,https://example.com/attachment_616.pdf,2023-10-12 03:26:07.444678
617,461,852,Message content 617,https://example.com/attachment_617.pdf,2024-12-12 10:11:29.973497
618,55,855,Message content 618,https://example.com/attachment_618.pdf,2023-09-05 06:09:03.682355
619,18,780,Message content 619,https://example.com/attachment_619.pdf,2024-06-20 02:54:48.425716
620,583,658,Message content 620,https://example.com/attachment_620.pdf,2023-06-16 00:58:14.874508
621,422,490,Message content 621,https://example.com/attachment_621.pdf,2024-07-18 22:56:52.624714
622,491,381,Message content 622,https://example.com/attachment_622.pdf,2024-02-29 08:49:33.441400
623,269,428,Message content 623,https://example.com/attachment_623.pdf,2024-09-03 01:02:38.027350
624,588,305,Message content 624,https://example.com/attachment_624.pdf,2023-07-18 16:43:21.682988
625,308,965,Message content 625,https://example.com/attachment_625.pdf,2024-01-16 00:09:04.674051
626,239,604,Message content 626,https://example.com/attachment_626.pdf,2023-08-29 03:49:09.899399
627,573,382,Message content 627,https://example.com/attachment_627.pdf,2023-12-08 23:48:26.167680
628,275,25,Message content 628,https://example.com/attachment_628.pdf,2023-09-09 03:52:40.199149
629,875,128,Message content 629,https://example.com/attachment_629.pdf,2023-08-16 23:40:56.902969
630,223,265,Message content 630,https://example.com/attachment_630.pdf,2023-02-01 20:34:12.514562
631,927,418,Message content 631,https://example.com/attachment_631.pdf,2024-03-06 22:37:19.696676
632,47,421,Message content 632,https://example.com/attachment_632.pdf,2023-10-06 16:53:05.109661
633,740,876,Message content 633,https://example.com/attachment_633.pdf,2023-07-21 02:09:52.288332
634,786,269,Message content 634,https://example.com/attachment_634.pdf,2024-03-15 18:48:57.094360
635,843,560,Message content 635,https://example.com/attachment_635.pdf,2023-06-17 15:06:47.661318
636,774,352,Message content 636,https://example.com/attachment_636.pdf,2023-08-08 04:04:39.506984
637,122,520,Message content 637,https://example.com/attachment_637.pdf,2023-04-06 22:50:02.897334
638,633,412,Message content 638,https://example.com/attachment_638.pdf,2023-01-02 18:02:49.261732
639,603,333,Message content 639,https://example.com/attachment_639.pdf,2023-09-08 20:42:46.166616
640,859,650,Message content 640,https://example.com/attachment_640.pdf,2023-10-14 11:56:31.251565
641,729,427,Message content 641,https://example.com/attachment_641.pdf,2024-01-01 01:10:31.505925
642,600,343,Message content 642,https://example.com/attachment_642.pdf,2023-11-26 08:14:26.662927
643,216,462,Message content 643,https://example.com/attachment_643.pdf,2024-09-21 18:04:16.241052
644,176,615,Message content 644,https://example.com/attachment_644.pdf,2023-03-11 02:26:13.827085
645,95,636,Message content 645,https://example.com/attachment_645.pdf,2024-01-08 07:02:44.382579
646,606,616,Message content 646,https://example.com/attachment_646.pdf,2023-09-08 16:59:56.396693
647,941,304,Message content 647,https://example.com/attachment_647.pdf,2023-04-15 07:42:55.449322
648,995,134,Message content 648,https://example.com/attachment_648.pdf,2024-04-15 15:44:41.705354
649,236,548,Message content 649,https://example.com/attachment_649.pdf,2024-07-31 04:31:34.312773
650,369,44,Message content 650,https://example.com/attachment_650.pdf,2024-11-06 22:05:13.604999
651,823,192,Message content 651,https://example.com/attachment_651.pdf,2023-12-13 11:26:00.093421
652,83,868,Message content 652,https://example.com/attachment_652.pdf,2023-07-20 21:28:10.566162
653,416,852,Message content 653,https://example.com/attachment_653.pdf,2023-04-26 20:59:07.425507
654,170,487,Message content 654,https://example.com/attachment_654.pdf,2023-05-24 22:38:08.295469
655,363,13,Message content 655,https://example.com/attachment_655.pdf,2024-08-27 12:38:20.973464
656,846,391,Message content 656,https://example.com/attachment_656.pdf,2024-02-03 21:48:54.743204
657,53,993,Message content 657,https://example.com/attachment_657.pdf,2024-04-21 16:33:55.551836
658,943,867,Message content 658,https://example.com/attachment_658.pdf,2024-09-17 18:40:08.818097
659,1000,145,Message content 659,https://example.com/attachment_659.pdf,2023-12-15 19:32:51.792797
660,788,449,Message content 660,https://example.com/attachment_660.pdf,2024-01-25 19:05:13.440438
661,250,183,Message content 661,https://example.com/attachment_661.pdf,2024-10-30 15:45:27.330744
662,875,592,Message content 662,https://example.com/attachment_662.pdf,2023-01-17 19:19:44.235436
663,295,607,Message content 663,https://example.com/attachment_663.pdf,2023-04-05 17:35:29.157360
664,501,171,Message content 664,https://example.com/attachment_664.pdf,2023-12-29 22:12:25.437927
665,701,195,Message content 665,https://example.com/attachment_665.pdf,2024-05-22 19:50:55.646200
666,359,369,Message content 666,https://example.com/attachment_666.pdf,2023-06-13 00:24:45.506101
667,633,94,Message content 667,https://example.com/attachment_667.pdf,2023-08-03 17:43:40.887742
668,385,982,Message content 668,https://example.com/attachment_668.pdf,2023-10-23 12:23:39.190622
669,247,217,Message content 669,https://example.com/attachment_669.pdf,2024-08-12 18:36:30.266692
670,749,650,Message content 670,https://example.com/attachment_670.pdf,2024-06-23 05:43:13.801294
671,956,123,Message content 671,https://example.com/attachment_671.pdf,2024-06-11 14:47:48.501318
672,758,295,Message content 672,https://example.com/attachment_672.pdf,2024-04-29 01:31:58.668699
673,724,38,Message content 673,https://example.com/attachment_673.pdf,2023-12-19 02:40:26.973197
674,496,71,Message content 674,https://example.com/attachment_674.pdf,2023-10-25 23:31:25.440767
675,246,254,Message content 675,https://example.com/attachment_675.pdf,2024-03-03 19:56:07.945098
676,801,541,Message content 676,https://example.com/attachment_676.pdf,2023-06-15 02:49:18.113884
677,48,787,Message content 677,https://example.com/attachment_677.pdf,2024-11-08 08:41:05.935085
678,952,116,Message content 678,https://example.com/attachment_678.pdf,2023-08-08 23:44:49.537979
679,802,855,Message content 679,https://example.com/attachment_679.pdf,2023-11-08 07:58:07.044932
680,951,563,Message content 680,https://example.com/attachment_680.pdf,2023-12-20 04:56:34.291905
681,881,465,Message content 681,https://example.com/attachment_681.pdf,2024-12-16 13:25:41.745877
682,413,715,Message content 682,https://example.com/attachment_682.pdf,2024-08-22 22:03:56.026634
683,82,277,Message content 683,https://example.com/attachment_683.pdf,2023-07-26 12:18:25.464335
684,995,874,Message content 684,https://example.com/attachment_684.pdf,2023-07-21 06:42:13.405767
685,638,771,Message content 685,https://example.com/attachment_685.pdf,2024-04-09 14:54:44.189420
686,876,834,Message content 686,https://example.com/attachment_686.pdf,2023-01-22 07:11:00.010553
687,736,933,Message content 687,https://example.com/attachment_687.pdf,2024-07-25 21:50:21.697895
688,886,686,Message content 688,https://example.com/attachment_688.pdf,2023-03-27 03:10:16.980417
689,25,332,Message content 689,https://example.com/attachment_689.pdf,2023-09-14 09:12:34.146970
690,326,248,Message content 690,https://example.com/attachment_690.pdf,2024-04-27 03:57:33.382299
691,701,340,Message content 691,https://example.com/attachment_691.pdf,2023-11-03 17:06:40.148346
692,89,265,Message content 692,https://example.com/attachment_692.pdf,2024-03-11 09:53:20.885905
693,678,288,Message content 693,https://example.com/attachment_693.pdf,2023-10-21 16:29:18.209749
694,255,31,Message content 694,https://example.com/attachment_694.pdf,2024-07-28 02:26:19.335613
695,417,478,Message content 695,https://example.com/attachment_695.pdf,2023-05-24 21:14:58.273148
696,83,327,Message content 696,https://example.com/attachment_696.pdf,2023-07-27 20:03:06.670876
697,588,531,Message content 697,https://example.com/attachment_697.pdf,2024-04-08 04:18:44.344069
698,820,661,Message content 698,https://example.com/attachment_698.pdf,2024-10-21 01:26:52.448991
699,802,515,Message content 699,https://example.com/attachment_699.pdf,2024-11-11 04:47:26.753437
700,799,738,Message content 700,https://example.com/attachment_700.pdf,2024-03-20 11:50:34.757092
701,202,445,Message content 701,https://example.com/attachment_701.pdf,2023-08-29 06:44:39.277333
702,699,649,Message content 702,https://example.com/attachment_702.pdf,2024-11-24 16:25:56.215205
703,337,682,Message content 703,https://example.com/attachment_703.pdf,2023-02-19 10:07:37.640881
704,464,625,Message content 704,https://example.com/attachment_704.pdf,2024-12-16 06:04:01.424575
705,162,540,Message content 705,https://example.com/attachment_705.pdf,2024-02-21 15:56:13.961447
706,935,116,Message content 706,https://example.com/attachment_706.pdf,2023-02-14 22:37:27.626021
707,583,74,Message content 707,https://example.com/attachment_707.pdf,2024-10-12 20:39:26.231734
708,445,778,Message content 708,https://example.com/attachment_708.pdf,2023-06-23 14:50:28.332293
709,55,950,Message content 709,https://example.com/attachment_709.pdf,2024-12-29 07:29:02.867493
710,31,730,Message content 710,https://example.com/attachment_710.pdf,2023-11-06 16:41:31.207067
711,90,128,Message content 711,https://example.com/attachment_711.pdf,2023-11-24 00:34:44.668198
712,976,423,Message content 712,https://example.com/attachment_712.pdf,2024-03-15 07:35:17.966578
713,487,817,Message content 713,https://example.com/attachment_713.pdf,2023-01-21 14:44:14.531509
714,370,893,Message content 714,https://example.com/attachment_714.pdf,2024-01-06 02:06:09.825578
715,164,702,Message content 715,https://example.com/attachment_715.pdf,2024-08-07 18:33:21.662663
716,295,719,Message content 716,https://example.com/attachment_716.pdf,2024-06-11 00:10:19.027153
717,557,415,Message content 717,https://example.com/attachment_717.pdf,2024-01-26 13:10:10.648938
718,20,298,Message content 718,https://example.com/attachment_718.pdf,2023-06-03 14:55:53.050244
719,187,298,Message content 719,https://example.com/attachment_719.pdf,2024-12-07 23:08:52.676421
720,543,985,Message content 720,https://example.com/attachment_720.pdf,2024-11-15 07:15:18.572964
721,95,441,Message content 721,https://example.com/attachment_721.pdf,2024-06-05 15:53:10.137882
722,634,805,Message content 722,https://example.com/attachment_722.pdf,2024-03-19 10:14:51.809414
723,237,388,Message content 723,https://example.com/attachment_723.pdf,2024-02-08 02:45:33.618465
724,965,732,Message content 724,https://example.com/attachment_724.pdf,2024-11-26 13:38:19.018336
725,739,768,Message content 725,https://example.com/attachment_725.pdf,2023-11-07 19:01:27.106815
726,144,855,Message content 726,https://example.com/attachment_726.pdf,2023-04-26 09:30:40.740085
727,236,483,Message content 727,https://example.com/attachment_727.pdf,2023-04-11 23:16:40.516195
728,725,909,Message content 728,https://example.com/attachment_728.pdf,2024-02-13 07:18:27.755943
729,488,242,Message content 729,https://example.com/attachment_729.pdf,2023-04-21 01:44:06.062571
730,85,822,Message content 730,https://example.com/attachment_730.pdf,2024-04-29 04:39:25.624136
731,345,114,Message content 731,https://example.com/attachment_731.pdf,2024-12-21 11:48:53.249060
732,425,580,Message content 732,https://example.com/attachment_732.pdf,2024-11-01 12:59:55.564776
733,618,389,Message content 733,https://example.com/attachment_733.pdf,2023-05-11 16:02:21.563564
734,256,692,Message content 734,https://example.com/attachment_734.pdf,2023-01-21 01:54:59.759007
735,152,53,Message content 735,https://example.com/attachment_735.pdf,2024-02-06 04:21:01.783379
736,664,863,Message content 736,https://example.com/attachment_736.pdf,2023-12-10 01:33:37.117952
737,971,711,Message content 737,https://example.com/attachment_737.pdf,2023-10-19 20:11:59.265083
738,934,745,Message content 738,https://example.com/attachment_738.pdf,2024-08-19 10:27:30.312504
739,794,249,Message content 739,https://example.com/attachment_739.pdf,2023-08-20 20:56:55.828100
740,747,192,Message content 740,https://example.com/attachment_740.pdf,2023-07-20 16:55:09.907247
741,295,787,Message content 741,https://example.com/attachment_741.pdf,2023-11-24 17:18:13.255271
742,902,834,Message content 742,https://example.com/attachment_742.pdf,2023-12-28 00:54:19.166935
743,284,154,Message content 743,https://example.com/attachment_743.pdf,2023-09-20 17:34:09.663335
744,810,110,Message content 744,https://example.com/attachment_744.pdf,2024-05-16 05:00:59.597400
745,799,699,Message content 745,https://example.com/attachment_745.pdf,2023-02-15 07:15:10.828580
746,579,654,Message content 746,https://example.com/attachment_746.pdf,2023-11-22 06:58:13.580578
747,607,135,Message content 747,https://example.com/attachment_747.pdf,2023-04-14 16:39:50.307090
748,312,188,Message content 748,https://example.com/attachment_748.pdf,2024-04-10 14:41:03.739188
749,459,888,Message content 749,https://example.com/attachment_749.pdf,2023-04-01 18:27:04.697596
750,196,674,Message content 750,https://example.com/attachment_750.pdf,2023-01-19 20:27:14.068503
751,244,192,Message content 751,https://example.com/attachment_751.pdf,2024-12-07 12:49:40.756787
752,318,218,Message content 752,https://example.com/attachment_752.pdf,2023-11-22 03:12:20.674385
753,669,517,Message content 753,https://example.com/attachment_753.pdf,2023-06-24 14:35:54.836530
754,292,710,Message content 754,https://example.com/attachment_754.pdf,2023-01-01 05:53:21.595206
755,763,61,Message content 755,https://example.com/attachment_755.pdf,2024-01-08 13:46:48.059658
756,873,102,Message content 756,https://example.com/attachment_756.pdf,2023-05-18 17:02:42.448868
757,579,88,Message content 757,https://example.com/attachment_757.pdf,2023-12-13 02:37:07.840630
758,345,645,Message content 758,https://example.com/attachment_758.pdf,2023-12-17 02:40:11.413291
759,853,235,Message content 759,https://example.com/attachment_759.pdf,2023-05-23 19:00:31.393336
760,381,263,Message content 760,https://example.com/attachment_760.pdf,2024-01-09 18:20:19.998209
761,558,682,Message content 761,https://example.com/attachment_761.pdf,2023-03-02 10:02:03.333423
762,869,529,Message content 762,https://example.com/attachment_762.pdf,2024-08-13 20:47:52.185256
763,626,613,Message content 763,https://example.com/attachment_763.pdf,2023-11-07 10:56:19.839649
764,289,37,Message content 764,https://example.com/attachment_764.pdf,2024-04-26 06:11:09.135823
765,569,582,Message content 765,https://example.com/attachment_765.pdf,2024-03-28 13:00:53.249402
766,639,334,Message content 766,https://example.com/attachment_766.pdf,2024-01-12 00:12:11.835031
767,995,109,Message content 767,https://example.com/attachment_767.pdf,2024-02-29 00:41:58.395900
768,11,522,Message content 768,https://example.com/attachment_768.pdf,2023-03-18 01:08:42.825430
769,926,540,Message content 769,https://example.com/attachment_769.pdf,2024-10-10 23:55:32.392042
770,799,465,Message content 770,https://example.com/attachment_770.pdf,2024-10-11 10:43:45.326939
771,317,800,Message content 771,https://example.com/attachment_771.pdf,2024-06-26 00:37:33.725856
772,823,141,Message content 772,https://example.com/attachment_772.pdf,2024-07-07 23:24:47.104370
773,730,766,Message content 773,https://example.com/attachment_773.pdf,2023-06-09 15:37:42.132459
774,684,969,Message content 774,https://example.com/attachment_774.pdf,2024-03-07 17:18:52.247782
775,3,683,Message content 775,https://example.com/attachment_775.pdf,2023-07-13 04:56:48.511283
776,111,204,Message content 776,https://example.com/attachment_776.pdf,2024-04-08 00:26:17.918234
777,182,904,Message content 777,https://example.com/attachment_777.pdf,2024-03-14 15:15:13.154721
778,10,916,Message content 778,https://example.com/attachment_778.pdf,2023-08-18 05:53:32.218158
779,918,927,Message content 779,https://example.com/attachment_779.pdf,2024-01-28 05:09:28.031155
780,406,605,Message content 780,https://example.com/attachment_780.pdf,2024-02-04 15:31:17.425319
781,494,838,Message content 781,https://example.com/attachment_781.pdf,2024-03-23 17:44:56.363655
782,528,861,Message content 782,https://example.com/attachment_782.pdf,2024-02-19 00:49:23.076403
783,258,723,Message content 783,https://example.com/attachment_783.pdf,2024-12-11 18:09:17.800664
784,599,11,Message content 784,https://example.com/attachment_784.pdf,2023-09-19 16:00:28.363694
785,998,653,Message content 785,https://example.com/attachment_785.pdf,2023-01-15 01:03:17.990188
786,101,734,Message content 786,https://example.com/attachment_786.pdf,2024-12-01 11:33:48.729047
787,201,710,Message content 787,https://example.com/attachment_787.pdf,2024-06-06 07:11:08.077426
788,844,672,Message content 788,https://example.com/attachment_788.pdf,2023-08-30 02:08:27.169432
789,115,933,Message content 789,https://example.com/attachment_789.pdf,2023-05-30 05:37:13.744180
790,562,691,Message content 790,https://example.com/attachment_790.pdf,2023-07-15 04:57:52.545701
791,248,905,Message content 791,https://example.com/attachment_791.pdf,2023-08-11 03:53:02.330088
792,365,216,Message content 792,https://example.com/attachment_792.pdf,2023-02-21 18:46:49.895147
793,231,692,Message content 793,https://example.com/attachment_793.pdf,2023-02-19 00:52:29.429743
794,312,543,Message content 794,https://example.com/attachment_794.pdf,2023-03-16 07:34:52.952347
795,28,932,Message content 795,https://example.com/attachment_795.pdf,2024-03-07 21:53:42.996181
796,401,503,Message content 796,https://example.com/attachment_796.pdf,2024-06-15 15:03:40.164638
797,837,657,Message content 797,https://example.com/attachment_797.pdf,2023-03-21 06:39:39.508443
798,638,114,Message content 798,https://example.com/attachment_798.pdf,2024-05-08 03:34:35.411775
799,838,179,Message content 799,https://example.com/attachment_799.pdf,2023-12-11 04:01:59.811813
800,803,161,Message content 800,https://example.com/attachment_800.pdf,2024-01-06 22:33:12.005296
801,236,252,Message content 801,https://example.com/attachment_801.pdf,2023-09-25 02:29:56.629669
802,883,204,Message content 802,https://example.com/attachment_802.pdf,2024-07-17 06:33:01.018028
803,10,357,Message content 803,https://example.com/attachment_803.pdf,2024-08-18 04:38:20.649166
804,396,355,Message content 804,https://example.com/attachment_804.pdf,2024-11-28 15:50:29.293308
805,25,984,Message content 805,https://example.com/attachment_805.pdf,2023-09-29 00:31:50.460082
806,522,631,Message content 806,https://example.com/attachment_806.pdf,2023-12-23 10:50:20.978324
807,193,695,Message content 807,https://example.com/attachment_807.pdf,2024-03-22 13:48:29.492215
808,88,942,Message content 808,https://example.com/attachment_808.pdf,2023-07-19 21:27:33.373696
809,236,393,Message content 809,https://example.com/attachment_809.pdf,2023-10-20 15:48:46.035133
810,190,844,Message content 810,https://example.com/attachment_810.pdf,2024-08-10 09:57:55.231711
811,871,821,Message content 811,https://example.com/attachment_811.pdf,2024-01-17 21:02:13.450835
812,182,915,Message content 812,https://example.com/attachment_812.pdf,2024-04-28 18:21:52.212572
813,556,970,Message content 813,https://example.com/attachment_813.pdf,2024-01-04 01:43:15.131076
814,777,718,Message content 814,https://example.com/attachment_814.pdf,2023-03-26 16:32:14.881850
815,652,612,Message content 815,https://example.com/attachment_815.pdf,2024-12-14 19:23:51.809746
816,254,331,Message content 816,https://example.com/attachment_816.pdf,2024-09-03 07:30:19.030101
817,302,106,Message content 817,https://example.com/attachment_817.pdf,2024-03-07 22:29:41.564613
818,519,156,Message content 818,https://example.com/attachment_818.pdf,2023-05-15 15:05:14.235473
819,487,832,Message content 819,https://example.com/attachment_819.pdf,2024-12-10 21:21:21.503905
820,750,578,Message content 820,https://example.com/attachment_820.pdf,2024-06-07 23:53:20.915227
821,907,614,Message content 821,https://example.com/attachment_821.pdf,2023-05-05 18:53:14.876939
822,208,39,Message content 822,https://example.com/attachment_822.pdf,2023-12-24 02:50:58.908940
823,467,841,Message content 823,https://example.com/attachment_823.pdf,2023-12-17 15:19:26.353691
824,916,922,Message content 824,https://example.com/attachment_824.pdf,2024-11-25 23:31:12.987849
825,645,418,Message content 825,https://example.com/attachment_825.pdf,2024-04-22 20:57:20.553877
826,467,81,Message content 826,https://example.com/attachment_826.pdf,2023-10-24 18:33:47.371177
827,812,220,Message content 827,https://example.com/attachment_827.pdf,2024-06-23 19:59:10.065666
828,175,108,Message content 828,https://example.com/attachment_828.pdf,2023-02-22 07:59:23.943938
829,563,206,Message content 829,https://example.com/attachment_829.pdf,2023-10-25 08:50:25.453375
830,504,342,Message content 830,https://example.com/attachment_830.pdf,2024-07-27 17:57:51.561961
831,484,322,Message content 831,https://example.com/attachment_831.pdf,2023-06-27 04:47:32.750297
832,178,709,Message content 832,https://example.com/attachment_832.pdf,2023-07-07 16:22:41.451731
833,877,898,Message content 833,https://example.com/attachment_833.pdf,2024-02-06 16:47:27.332061
834,816,323,Message content 834,https://example.com/attachment_834.pdf,2024-06-05 11:42:17.487162
835,533,45,Message content 835,https://example.com/attachment_835.pdf,2024-02-06 02:16:56.894830
836,365,937,Message content 836,https://example.com/attachment_836.pdf,2023-01-24 12:27:34.725018
837,540,375,Message content 837,https://example.com/attachment_837.pdf,2024-05-08 18:22:37.378373
838,289,192,Message content 838,https://example.com/attachment_838.pdf,2024-05-28 22:42:33.667580
839,455,280,Message content 839,https://example.com/attachment_839.pdf,2024-07-09 20:14:53.911956
840,446,974,Message content 840,https://example.com/attachment_840.pdf,2023-10-03 20:48:27.767318
841,176,914,Message content 841,https://example.com/attachment_841.pdf,2023-02-19 23:31:09.865758
842,316,427,Message content 842,https://example.com/attachment_842.pdf,2023-05-03 08:22:48.904607
843,170,20,Message content 843,https://example.com/attachment_843.pdf,2023-06-12 00:07:36.690519
844,254,664,Message content 844,https://example.com/attachment_844.pdf,2024-02-28 02:34:55.462497
845,251,547,Message content 845,https://example.com/attachment_845.pdf,2023-10-26 13:10:07.678927
846,473,519,Message content 846,https://example.com/attachment_846.pdf,2023-12-25 05:08:29.034571
847,330,994,Message content 847,https://example.com/attachment_847.pdf,2024-12-15 06:43:38.641360
848,205,355,Message content 848,https://example.com/attachment_848.pdf,2023-02-21 07:14:16.940572
849,748,394,Message content 849,https://example.com/attachment_849.pdf,2023-09-07 21:21:22.810820
850,595,877,Message content 850,https://example.com/attachment_850.pdf,2023-03-31 16:30:21.617459
851,537,845,Message content 851,https://example.com/attachment_851.pdf,2024-04-21 05:29:37.031012
852,895,232,Message content 852,https://example.com/attachment_852.pdf,2023-06-15 22:19:53.585620
853,685,182,Message content 853,https://example.com/attachment_853.pdf,2024-04-13 11:37:03.358829
854,627,758,Message content 854,https://example.com/attachment_854.pdf,2024-05-27 08:18:17.395772
855,298,181,Message content 855,https://example.com/attachment_855.pdf,2023-11-09 23:43:54.287967
856,944,995,Message content 856,https://example.com/attachment_856.pdf,2023-12-08 00:03:19.647777
857,529,567,Message content 857,https://example.com/attachment_857.pdf,2023-12-19 05:41:21.091364
858,231,143,Message content 858,https://example.com/attachment_858.pdf,2024-09-04 06:52:05.699973
859,593,700,Message content 859,https://example.com/attachment_859.pdf,2023-08-10 03:56:26.183026
860,386,273,Message content 860,https://example.com/attachment_860.pdf,2023-03-16 06:22:38.578966
861,604,316,Message content 861,https://example.com/attachment_861.pdf,2024-03-28 06:13:03.486600
862,462,657,Message content 862,https://example.com/attachment_862.pdf,2024-05-07 09:35:09.209089
863,566,993,Message content 863,https://example.com/attachment_863.pdf,2023-06-28 10:49:06.172877
864,684,783,Message content 864,https://example.com/attachment_864.pdf,2023-07-15 21:29:42.041937
865,622,249,Message content 865,https://example.com/attachment_865.pdf,2023-02-15 21:19:25.313752
866,601,971,Message content 866,https://example.com/attachment_866.pdf,2023-03-02 11:37:25.401517
867,528,665,Message content 867,https://example.com/attachment_867.pdf,2024-04-23 00:05:00.473979
868,595,352,Message content 868,https://example.com/attachment_868.pdf,2023-02-16 11:16:55.444067
869,575,692,Message content 869,https://example.com/attachment_869.pdf,2023-09-21 05:18:59.989323
870,276,287,Message content 870,https://example.com/attachment_870.pdf,2023-05-04 13:03:35.965792
871,630,908,Message content 871,https://example.com/attachment_871.pdf,2023-07-02 18:24:47.252407
872,362,228,Message content 872,https://example.com/attachment_872.pdf,2023-11-26 07:05:49.773941
873,185,210,Message content 873,https://example.com/attachment_873.pdf,2024-10-20 16:41:26.181723
874,488,503,Message content 874,https://example.com/attachment_874.pdf,2024-04-04 22:00:29.086116
875,780,219,Message content 875,https://example.com/attachment_875.pdf,2023-11-19 11:42:56.540820
876,322,909,Message content 876,https://example.com/attachment_876.pdf,2023-09-07 10:00:31.862289
877,562,559,Message content 877,https://example.com/attachment_877.pdf,2024-11-29 01:09:58.875252
878,480,394,Message content 878,https://example.com/attachment_878.pdf,2024-01-27 10:01:13.173605
879,749,695,Message content 879,https://example.com/attachment_879.pdf,2023-12-01 01:32:33.339626
880,160,894,Message content 880,https://example.com/attachment_880.pdf,2023-10-24 18:08:34.049665
881,390,868,Message content 881,https://example.com/attachment_881.pdf,2023-03-11 19:20:39.383498
882,719,160,Message content 882,https://example.com/attachment_882.pdf,2024-12-16 08:30:43.817537
883,934,727,Message content 883,https://example.com/attachment_883.pdf,2024-02-25 17:11:21.380654
884,721,665,Message content 884,https://example.com/attachment_884.pdf,2024-08-24 17:21:26.773531
885,519,315,Message content 885,https://example.com/attachment_885.pdf,2023-01-09 15:58:10.531865
886,604,491,Message content 886,https://example.com/attachment_886.pdf,2023-01-11 13:51:46.079492
887,861,408,Message content 887,https://example.com/attachment_887.pdf,2024-04-08 04:57:22.761802
888,26,879,Message content 888,https://example.com/attachment_888.pdf,2023-07-11 08:30:34.658649
889,380,727,Message content 889,https://example.com/attachment_889.pdf,2024-08-19 17:43:17.135684
890,173,875,Message content 890,https://example.com/attachment_890.pdf,2024-02-21 17:36:03.501069
891,312,17,Message content 891,https://example.com/attachment_891.pdf,2024-03-27 00:49:19.636597
892,525,636,Message content 892,https://example.com/attachment_892.pdf,2023-01-04 19:13:51.285969
893,730,433,Message content 893,https://example.com/attachment_893.pdf,2024-05-29 05:12:25.278133
894,348,197,Message content 894,https://example.com/attachment_894.pdf,2023-08-28 01:53:22.441966
895,274,707,Message content 895,https://example.com/attachment_895.pdf,2024-01-07 08:21:11.401525
896,826,165,Message content 896,https://example.com/attachment_896.pdf,2023-01-24 14:08:59.431161
897,87,470,Message content 897,https://example.com/attachment_897.pdf,2023-03-08 11:57:22.312564
898,88,106,Message content 898,https://example.com/attachment_898.pdf,2023-12-01 23:55:34.930888
899,319,14,Message content 899,https://example.com/attachment_899.pdf,2024-08-17 05:39:36.127998
900,26,765,Message content 900,https://example.com/attachment_900.pdf,2024-02-16 00:19:27.298068
901,569,405,Message content 901,https://example.com/attachment_901.pdf,2024-12-26 15:14:01.661102
902,953,11,Message content 902,https://example.com/attachment_902.pdf,2024-05-08 23:08:18.423249
903,659,257,Message content 903,https://example.com/attachment_903.pdf,2024-02-11 00:02:17.580018
904,45,642,Message content 904,https://example.com/attachment_904.pdf,2023-06-27 12:59:43.374301
905,979,31,Message content 905,https://example.com/attachment_905.pdf,2023-10-24 00:31:35.473452
906,360,713,Message content 906,https://example.com/attachment_906.pdf,2023-07-23 00:31:29.717038
907,229,609,Message content 907,https://example.com/attachment_907.pdf,2023-01-12 00:44:20.467068
908,467,522,Message content 908,https://example.com/attachment_908.pdf,2024-10-02 02:49:57.829039
909,951,833,Message content 909,https://example.com/attachment_909.pdf,2024-09-27 09:50:14.799624
910,655,355,Message content 910,https://example.com/attachment_910.pdf,2024-11-05 03:51:17.282014
911,140,714,Message content 911,https://example.com/attachment_911.pdf,2024-12-24 19:08:20.813428
912,75,6,Message content 912,https://example.com/attachment_912.pdf,2024-12-31 10:20:11.359784
913,107,537,Message content 913,https://example.com/attachment_913.pdf,2023-09-06 21:43:03.102551
914,204,792,Message content 914,https://example.com/attachment_914.pdf,2023-08-27 00:35:39.161802
915,688,938,Message content 915,https://example.com/attachment_915.pdf,2023-12-07 08:02:43.197368
916,639,416,Message content 916,https://example.com/attachment_916.pdf,2023-07-04 04:35:34.837214
917,344,557,Message content 917,https://example.com/attachment_917.pdf,2024-05-03 22:46:17.876921
918,318,59,Message content 918,https://example.com/attachment_918.pdf,2024-02-02 15:14:55.475675
919,513,927,Message content 919,https://example.com/attachment_919.pdf,2023-04-02 01:03:16.695203
920,964,245,Message content 920,https://example.com/attachment_920.pdf,2023-06-06 19:23:02.663761
921,182,326,Message content 921,https://example.com/attachment_921.pdf,2024-10-25 02:51:03.189436
922,700,790,Message content 922,https://example.com/attachment_922.pdf,2024-10-06 22:58:56.299760
923,101,389,Message content 923,https://example.com/attachment_923.pdf,2023-01-27 16:56:16.149735
924,987,417,Message content 924,https://example.com/attachment_924.pdf,2024-11-07 21:33:56.195983
925,638,712,Message content 925,https://example.com/attachment_925.pdf,2023-07-14 19:55:26.556636
926,425,737,Message content 926,https://example.com/attachment_926.pdf,2024-10-05 03:26:59.838317
927,265,657,Message content 927,https://example.com/attachment_927.pdf,2023-11-04 04:57:09.826543
928,624,441,Message content 928,https://example.com/attachment_928.pdf,2023-11-26 01:38:46.579563
929,266,472,Message content 929,https://example.com/attachment_929.pdf,2024-02-04 08:51:39.194660
930,501,621,Message content 930,https://example.com/attachment_930.pdf,2023-10-30 21:47:20.693378
931,768,151,Message content 931,https://example.com/attachment_931.pdf,2024-08-26 07:20:05.049233
932,708,457,Message content 932,https://example.com/attachment_932.pdf,2024-02-28 20:52:35.395910
933,60,708,Message content 933,https://example.com/attachment_933.pdf,2024-07-14 17:33:16.888253
934,889,186,Message content 934,https://example.com/attachment_934.pdf,2023-07-30 22:46:57.856081
935,463,68,Message content 935,https://example.com/attachment_935.pdf,2023-09-08 12:34:04.177292
936,665,389,Message content 936,https://example.com/attachment_936.pdf,2024-11-17 03:17:18.123621
937,87,470,Message content 937,https://example.com/attachment_937.pdf,2024-02-04 23:55:12.267122
938,924,476,Message content 938,https://example.com/attachment_938.pdf,2024-12-15 08:17:38.887596
939,823,623,Message content 939,https://example.com/attachment_939.pdf,2024-03-23 01:15:21.553431
940,496,473,Message content 940,https://example.com/attachment_940.pdf,2024-05-24 09:34:54.282496
941,138,509,Message content 941,https://example.com/attachment_941.pdf,2023-08-04 05:37:21.246550
942,151,458,Message content 942,https://example.com/attachment_942.pdf,2024-10-14 17:41:45.789649
943,868,611,Message content 943,https://example.com/attachment_943.pdf,2024-06-28 17:35:01.912506
944,135,997,Message content 944,https://example.com/attachment_944.pdf,2024-12-19 06:49:37.202482
945,230,14,Message content 945,https://example.com/attachment_945.pdf,2024-03-18 01:08:42.655880
946,537,291,Message content 946,https://example.com/attachment_946.pdf,2023-04-13 13:44:40.884621
947,816,328,Message content 947,https://example.com/attachment_947.pdf,2023-09-14 20:34:55.705230
948,961,838,Message content 948,https://example.com/attachment_948.pdf,2024-11-06 03:01:58.756469
949,386,227,Message content 949,https://example.com/attachment_949.pdf,2024-07-20 20:22:07.454893
950,523,122,Message content 950,https://example.com/attachment_950.pdf,2023-01-10 07:25:27.314753
951,272,52,Message content 951,https://example.com/attachment_951.pdf,2024-03-23 00:27:49.296620
952,173,523,Message content 952,https://example.com/attachment_952.pdf,2023-11-20 13:44:27.705281
953,289,344,Message content 953,https://example.com/attachment_953.pdf,2023-05-06 15:46:58.820904
954,966,913,Message content 954,https://example.com/attachment_954.pdf,2024-10-24 17:50:48.413614
955,554,675,Message content 955,https://example.com/attachment_955.pdf,2024-01-14 07:11:44.662205
956,817,628,Message content 956,https://example.com/attachment_956.pdf,2023-07-24 23:20:19.449690
957,798,717,Message content 957,https://example.com/attachment_957.pdf,2023-09-17 10:36:50.508343
958,661,348,Message content 958,https://example.com/attachment_958.pdf,2024-05-09 02:41:57.500031
959,192,412,Message content 959,https://example.com/attachment_959.pdf,2023-12-01 07:53:13.327473
960,840,163,Message content 960,https://example.com/attachment_960.pdf,2024-08-01 20:48:53.221033
961,477,855,Message content 961,https://example.com/attachment_961.pdf,2024-09-13 09:06:06.696451
962,812,560,Message content 962,https://example.com/attachment_962.pdf,2024-02-13 08:22:46.404007
963,203,478,Message content 963,https://example.com/attachment_963.pdf,2024-12-16 06:30:19.137349
964,511,12,Message content 964,https://example.com/attachment_964.pdf,2023-04-12 01:40:15.186795
965,326,893,Message content 965,https://example.com/attachment_965.pdf,2024-11-13 07:30:48.668137
966,308,363,Message content 966,https://example.com/attachment_966.pdf,2023-11-27 12:49:33.162062
967,368,883,Message content 967,https://example.com/attachment_967.pdf,2023-05-26 05:15:08.514641
968,851,260,Message content 968,https://example.com/attachment_968.pdf,2023-11-02 11:33:49.329646
969,713,683,Message content 969,https://example.com/attachment_969.pdf,2024-12-21 07:54:29.963174
970,308,806,Message content 970,https://example.com/attachment_970.pdf,2024-04-16 05:21:03.534483
971,54,710,Message content 971,https://example.com/attachment_971.pdf,2023-09-02 01:52:47.761886
972,501,539,Message content 972,https://example.com/attachment_972.pdf,2024-03-11 16:27:58.216083
973,124,284,Message content 973,https://example.com/attachment_973.pdf,2023-08-07 13:51:35.810022
974,703,172,Message content 974,https://example.com/attachment_974.pdf,2024-04-02 07:45:52.360495
975,975,126,Message content 975,https://example.com/attachment_975.pdf,2024-03-20 16:34:12.023637
976,252,585,Message content 976,https://example.com/attachment_976.pdf,2024-03-01 01:03:01.279517
977,10,467,Message content 977,https://example.com/attachment_977.pdf,2023-09-12 05:07:13.168044
978,520,913,Message content 978,https://example.com/attachment_978.pdf,2024-07-31 14:09:27.149172
979,394,858,Message content 979,https://example.com/attachment_979.pdf,2024-09-05 09:40:10.801517
980,846,501,Message content 980,https://example.com/attachment_980.pdf,2023-07-25 06:08:10.554185
981,478,735,Message content 981,https://example.com/attachment_981.pdf,2023-08-31 07:27:52.566606
982,951,18,Message content 982,https://example.com/attachment_982.pdf,2024-05-04 09:11:27.045884
983,864,402,Message content 983,https://example.com/attachment_983.pdf,2024-07-09 08:23:15.136905
984,60,213,Message content 984,https://example.com/attachment_984.pdf,2023-11-29 13:45:25.442223
985,187,28,Message content 985,https://example.com/attachment_985.pdf,2024-12-22 21:13:17.841544
986,538,613,Message content 986,https://example.com/attachment_986.pdf,2023-02-07 05:09:49.116161
987,381,661,Message content 987,https://example.com/attachment_987.pdf,2024-09-30 02:27:07.064141
988,400,124,Message content 988,https://example.com/attachment_988.pdf,2024-03-04 15:57:49.962524
989,239,23,Message content 989,https://example.com/attachment_989.pdf,2024-08-14 16:01:35.675530
990,967,853,Message content 990,https://example.com/attachment_990.pdf,2023-12-18 00:14:23.478286
991,201,37,Message content 991,https://example.com/attachment_991.pdf,2024-08-08 17:54:31.903993
992,400,863,Message content 992,https://example.com/attachment_992.pdf,2024-09-20 10:01:17.278601
993,159,48,Message content 993,https://example.com/attachment_993.pdf,2023-09-03 08:52:50.692304
994,363,787,Message content 994,https://example.com/attachment_994.pdf,2023-06-17 22:00:02.004540
995,210,257,Message content 995,https://example.com/attachment_995.pdf,2023-02-05 23:29:11.032773
996,696,689,Message content 996,https://example.com/attachment_996.pdf,2023-09-01 10:45:13.592046
997,624,545,Message content 997,https://example.com/attachment_997.pdf,2023-07-08 08:04:49.247956
998,526,154,Message content 998,https://example.com/attachment_998.pdf,2024-03-09 23:13:13.108216
999,41,853,Message content 999,https://example.com/attachment_999.pdf,2024-02-15 05:57:05.442773
1000,812,220,Message content 1000,https://example.com/attachment_1000.pdf,2024-11-06 05:51:16.374540
