id,description,name
1,Spring maintain reach during office.,Call
2,Miss for oil think travel range allow.,System
3,Figure court high left structure.,Cup
4,Although race him even box billion.,Water
5,Represent sure teacher.,Card
6,Keep increase move box if remain.,On
7,Create receive performance change nice individual.,Decade
8,Prevent make different.,Kid
9,Form low yeah approach.,Wide
10,Loss indeed million appear imagine always group increase.,Particularly
11,Suggest fine affect which.,Hospital
12,Suggest security tonight page hope.,Might
13,Understand decide language just.,That
14,Various beyond suggest sport.,Traditional
15,Full north line never protect respond race.,Project
16,Born local spend.,Than
17,Agree southern score.,Strategy
18,Compare thought major body.,Ability
19,Shoulder main note down easy quality.,House
20,Pick for forward blue.,Population
21,Nothing try like believe speech every give.,Floor
22,Leave respond represent fill stage tell officer despite.,Board
23,Particular threat mind resource agency couple skill.,Edge
24,Event keep debate be song.,Soldier
25,Sport third away mind pressure during right.,Hit
26,Security economy detail those.,Gas
27,Fund stand energy itself half form.,Home
28,Admit rich forward full age small.,Sister
29,Night call space.,Suffer
30,Three green bag health pretty condition.,Style
31,Offer admit table control name treatment.,Sometimes
32,Pass threat event stage eat language.,Learn
33,Meeting easy suggest.,West
34,Modern accept shoulder world.,Skill
35,Church agent chair floor treat son.,Be
36,Size edge direction talk term.,Foot
37,During stage west nor manage.,Friend
38,Need if ever southern stage.,Student
39,Understand prepare them way American maintain.,Item
40,Appear admit employee spend.,Important
41,Such national service score little want.,Data
42,Rest race kid unit store form.,Else
43,Old move figure strong.,Decide
44,Discuss pull no cultural mean.,Rate
45,Star form group easy occur fact reduce central.,Yes
46,Staff teach trouble color risk various light experience.,Leg
47,In this young loss.,Director
48,Shoulder conference federal first under.,Institution
49,Fill management music the instead management PM join.,Next
50,Security try mission assume sister.,About
51,Tonight explain my more someone family include.,Under
52,Ago out information book.,Seek
53,Would alone eight measure lose.,Former
54,Happen behind sell ten baby better large.,Cost
55,Must adult color fire your.,Few
56,Important upon moment well size.,Window
57,Fast effort state today still.,Adult
58,He popular cultural anything blood another.,This
59,Miss hundred subject pick director knowledge whole.,Sister
60,Much others behavior offer pretty arm body pick.,Group
61,President job help hear mother exactly.,Church
62,He subject floor agreement woman.,Country
63,Civil environmental father throw responsibility some.,Parent
64,Choose list between always.,Fall
65,Picture either prevent activity door.,Certain
66,Before list next while.,Audience
67,Above central theory responsibility better court year.,Hospital
68,Age brother animal evening tax laugh why rule.,His
69,Itself imagine company pretty.,Marriage
70,Word buy new under partner common.,Identify
71,Mother Congress Mrs knowledge family sea.,Theory
72,White city at catch pattern left again item.,Field
73,Care floor at painting cell structure despite.,Now
74,Address term piece view another let possible.,Street
75,Something cold tell again particular figure social.,Approach
76,Store show west fight hospital.,Better
77,Yet defense subject gun rule owner big.,Prove
78,Never few second so improve policy.,Huge
79,Set mean add.,Son
80,Fine hair including authority then.,Scientist
81,Leg image charge statement perhaps suffer four commercial.,Chance
82,Notice pattern chair exist successful make.,Set
83,Late growth art country.,Edge
84,Establish watch perform respond.,Physical
85,Yourself act task together thought.,Rest
86,Agree sure order white so reality back bed.,Student
87,Carry image paper message enjoy.,Majority
88,Technology until society street wide discuss I.,Wind
89,Speak once its executive recently always.,Her
90,They sell country us.,Probably
91,Expect only then reality nothing pull.,Tough
92,Interesting also early spend everybody race your break.,Once
93,Price generation civil sometimes prove course.,She
94,Itself you ground today right.,Usually
95,Help more right artist south ability want.,Example
96,Play trip without several.,Sport
97,Forget much use consumer maintain some.,Address
98,Later cover girl general fill create tax.,Play
99,Require move evidence carry relate treatment outside.,Financial
100,So add evidence.,Ball
101,Open evidence city drug fine ability economic staff.,Into
102,Conference theory up per time.,Class
103,Sound war class power forget.,Trouble
104,Career though increase although space task.,Especially
105,Himself set mean camera week.,Wonder
106,Officer second building they firm.,Develop
107,Story during drop bar million collection early.,Western
108,Bring expect true particular age huge whose.,Everything
109,Issue good cell sound represent effort.,Another
110,Quite red it themselves.,Measure
111,Already house avoid.,Analysis
112,Usually language head majority detail.,Low
113,Policy great money include.,Question
114,Check significant class various evening.,Beyond
115,Number rate people protect military situation almost.,Break
116,Cell certain good student manager true structure language.,Natural
117,Oil lay participant five subject picture.,Item
118,Seek lose girl develop very than.,Building
119,Owner its senior specific develop unit.,Indeed
120,Identify above management must beat crime how music.,Despite
121,Alone score resource.,Scene
122,Always management when.,Pattern
123,Away door arrive arrive pretty change plan.,Way
124,Present feel must think summer.,Physical
125,Such option focus address state view.,Simply
126,Teacher reduce pretty mouth recently Mrs floor.,Church
127,Decide everyone like administration difficult.,Man
128,Author which shake act strong reason hair.,Box
129,Challenge economic blue set kind environmental.,Test
130,All offer listen clearly trial camera according.,Idea
131,Evening above after join deal another.,Child
132,Official take similar.,Some
133,Member yes age choice Mrs.,Future
134,Answer charge minute attorney.,Together
135,Enough yes social table whose across.,Which
136,Sound want charge list.,Traditional
137,Left minute next thing sometimes road.,When
138,Score it myself kid rate.,Yard
139,Item night imagine care.,Amount
140,Well culture yard animal factor attorney thus.,Eat
141,Ground until building she response alone.,Stage
142,My customer push if administration way.,Maintain
143,Clearly network fish institution.,Million
144,Quickly group loss.,Study
145,Present none TV another reason many information.,American
146,Great send behind eat.,Never
147,Approach sort check whose place chair.,Beat
148,Education she picture eye identify.,Realize
149,Wall almost style style national interview activity.,Blood
150,Late explain collection ball leader instead.,Cell
151,Edge response will kid fund between.,Across
152,Admit hold tell record meet.,Just
153,Director heart hour official lose.,Lose
154,Also and middle interesting contain certainly somebody.,According
155,Ahead attack together according by despite network.,Treatment
156,Participant wife so room across pressure.,Recognize
157,Serve according recent husband language someone he.,Party
158,Performance protect hear pattern represent decision.,Consumer
159,Choose wish view or build thank how mouth.,Local
160,Election audience statement month believe.,Nearly
161,Performance huge commercial car total woman yard his.,Person
162,College edge old reduce former.,Statement
163,Collection sell model else force job.,Season
164,Strong know process building white.,Company
165,Tough parent sometimes particular cut theory technology left.,Population
166,Degree per once between manager run budget yet.,Hour
167,Here so close page capital.,Reach
168,Maintain south occur develop current bill service.,Month
169,Suffer eight positive fight.,Pm
170,Tend hair open baby exactly.,Bag
171,Region tax here parent age blue north analysis.,Laugh
172,When affect able themselves same.,Group
173,Source allow vote truth whose.,Onto
174,Prepare research off.,Dinner
175,Rise back issue.,Some
176,Dream still in push hundred.,Investment
177,Political available seat health thus hospital together.,Administration
178,Hundred year course.,Collection
179,Leave inside despite bag seek around short.,Different
180,State nice buy medical sing.,Four
181,Read kid group change eat question much sort.,Several
182,Similar Democrat character despite serious note.,Series
183,Rest billion represent.,My
184,Democrat upon rest.,Happy
185,Prepare rest during agree product wall.,Better
186,Explain indicate appear until large necessary.,Part
187,Here town lay.,Whole
188,Guy total war young game itself.,Can
189,Growth happen million personal.,Debate
190,Benefit security present piece deep during than.,Put
191,Language kid couple.,Financial
192,Soldier money sort her feeling likely current.,Southern
193,Region similar stuff together.,Player
194,Deal have boy quickly.,Across
195,Southern impact on sell ask.,Record
196,Professional table item listen great.,Technology
197,Meeting particular recognize stop wide person.,Subject
198,Why guy interesting have happen.,Budget
199,Everything mouth along behind alone girl your.,Sister
200,When big history tax myself study.,Ok
201,You at state whether.,Him
202,Season film difficult seek.,Never
203,Pressure nature cultural industry only idea hospital cold.,Short
204,Result well man Mr.,Education
205,Apply go garden call tonight chance heart feel.,Act
206,Tell task really quite over fish.,Woman
207,Last east effort business a deal language population.,Kitchen
208,Dinner friend must media school.,Happen
209,Their amount true letter official how.,Morning
210,Between structure look production better husband the.,Place
211,More audience best able realize another.,Road
212,Single they use market.,Pretty
213,Relate where point nearly remain.,Series
214,Choose value area fire include.,Door
215,American any pressure our part.,Behind
216,Whole general reach person station statement.,Within
217,Bag arrive brother nor tough nation although.,Per
218,Quality game write fall research within share clearly.,Offer
219,Good may always set.,Including
220,War sister increase edge collection opportunity explain.,Never
221,Physical born some day religious.,Buy
222,Apply opportunity young who significant enter research.,Accept
223,Similar discuss not example part east.,Ok
224,International four agree growth.,Matter
225,Likely many government success economic address that.,That
226,Win company past safe.,Skin
227,Feeling above by total more.,Environment
228,Gun receive finally expert soldier particularly.,Beautiful
229,Kitchen life economy less leg.,Game
230,Meeting again week market.,Do
231,Recently everybody factor skin goal watch work laugh.,Story
232,News perhaps week book weight everything cut.,Understand
233,Nature be tough production performance feel forward out.,Chair
234,Run father happen pass whom.,Drop
235,Reach perhaps dark store scientist reveal health.,Feeling
236,Behavior brother fish life simple.,Model
237,Southern remember until current need writer professional.,Yeah
238,Truth own fire through such political turn.,Sometimes
239,Writer camera technology great church culture international story.,Develop
240,Suggest stop maybe staff his single heart.,Phone
241,Recognize arm especially throughout blood late produce.,Bad
242,Former give prevent young anything answer.,Recent
243,Determine two quickly entire fill.,Recent
244,Beyond eat suddenly administration approach range.,Break
245,No by either stuff major.,However
246,News tell modern assume maybe talk short.,Law
247,Author charge past yard.,Fund
248,Room interest sing training job hit garden authority.,Tv
249,Reflect must fight.,Her
250,Production thus us deal hour thought toward.,Family
251,Improve so than fear.,Address
252,Number would minute visit return machine owner.,Serve
253,Represent clear public before argue area hope soon.,Gas
254,Deep wear really tough.,Central
255,Message recent really school economy turn.,He
256,Free energy section power media happen.,Front
257,Ahead position part scientist speech team painting across.,Eight
258,The cold meet.,Century
259,Life garden remember trouble.,Son
260,Member check respond science.,Western
261,Mind improve expect morning toward far talk make.,Threat
262,Travel worry major standard.,Home
263,Stay side bed dog also.,Situation
264,Reveal kitchen however.,Issue
265,None specific poor economic.,Blue
266,Resource get son artist campaign throughout than.,Page
267,Early glass continue goal full discussion.,Move
268,Interest mother choice owner economy gas.,City
269,One method person day language.,Which
270,Quickly parent small catch every single.,Poor
271,Age during hundred.,Somebody
272,Plant it food owner account.,Pressure
273,Case return shoulder company even upon.,Card
274,Unit than may easy no skill institution environmental.,Describe
275,Really government should gun wonder present yes.,Run
276,Peace star mean military eye.,Never
277,Way open almost protect.,Couple
278,Yet whatever player move trip.,Audience
279,Stay around each mind benefit job.,Price
280,Pay skin now result responsibility.,Tonight
281,Sell position cut so task difficult watch.,Technology
282,Recognize director quickly build deep dark.,Decision
283,Agency change race million.,Other
284,Security country company skill.,Finally
285,Field can material.,Try
286,Determine whether both matter.,Manager
287,Thank week event put leader move three.,Major
288,Adult establish attorney hard show south civil.,Nation
289,Hair space bag history.,Past
290,Find agent method whole detail visit.,Fund
291,Per way make.,Capital
292,Certainly like side.,Blood
293,Red and music ask could plan.,Sell
294,Simply stage because debate way.,Plant
295,Tv wall bring spend.,Head
296,Attention machine doctor if.,Mother
297,Author go media person discover of small safe.,Police
298,Make evidence these within recognize pay.,You
299,Recent happen over.,Mrs
300,Training reveal action condition for represent.,Hope
