id,user_id,field_name,old_value,new_value,timestamp
1,551,email,old_user1@example.com,user1@example.com,2023-01-14 05:41:18.724308
2,525,email,old_user2@example.com,user2@example.com,2023-03-19 20:44:04.207600
3,418,email,old_user3@example.com,user3@example.com,2024-12-28 19:17:59.374149
4,414,email,old_user4@example.com,user4@example.com,2023-11-17 18:29:03.391603
5,917,email,old_user5@example.com,user5@example.com,2024-08-29 11:45:08.355980
6,464,email,old_user6@example.com,user6@example.com,2023-06-22 06:25:00.868677
7,645,email,old_user7@example.com,user7@example.com,2024-07-18 23:57:18.963689
8,936,email,old_user8@example.com,user8@example.com,2024-10-17 13:32:55.304304
9,303,email,old_user9@example.com,user9@example.com,2024-08-07 12:46:58.643347
10,253,email,old_user10@example.com,user10@example.com,2024-10-13 01:06:41.461369
11,842,email,old_user11@example.com,user11@example.com,2024-01-05 12:39:21.514364
12,445,email,old_user12@example.com,user12@example.com,2023-06-19 23:35:08.150316
13,233,email,old_user13@example.com,user13@example.com,2024-10-27 09:16:20.344217
14,860,email,old_user14@example.com,user14@example.com,2023-06-05 22:29:06.861515
15,239,email,old_user15@example.com,user15@example.com,2023-12-15 02:23:02.723525
16,356,email,old_user16@example.com,user16@example.com,2023-07-20 18:58:49.619462
17,554,email,old_user17@example.com,user17@example.com,2024-08-30 14:40:13.966560
18,193,email,old_user18@example.com,user18@example.com,2024-11-08 09:41:30.806495
19,816,email,old_user19@example.com,user19@example.com,2023-07-09 07:35:24.591778
20,144,email,old_user20@example.com,user20@example.com,2024-11-15 23:22:07.173936
21,787,email,old_user21@example.com,user21@example.com,2023-01-22 13:44:33.064972
22,754,email,old_user22@example.com,user22@example.com,2024-06-28 01:58:30.400774
23,938,email,old_user23@example.com,user23@example.com,2023-01-08 03:50:43.191214
24,640,email,old_user24@example.com,user24@example.com,2024-04-11 07:42:39.849349
25,226,email,old_user25@example.com,user25@example.com,2024-10-28 10:59:39.095389
26,732,email,old_user26@example.com,user26@example.com,2023-03-17 16:25:22.468594
27,792,email,old_user27@example.com,user27@example.com,2024-04-03 23:16:07.686348
28,769,email,old_user28@example.com,user28@example.com,2023-04-07 09:27:47.087142
29,328,email,old_user29@example.com,user29@example.com,2024-12-29 04:06:13.384095
30,579,email,old_user30@example.com,user30@example.com,2024-10-19 23:33:28.579251
31,437,email,old_user31@example.com,user31@example.com,2024-06-11 00:13:09.354304
32,196,email,old_user32@example.com,user32@example.com,2023-11-28 20:16:21.051399
33,37,email,old_user33@example.com,user33@example.com,2023-07-23 06:41:18.961339
34,10,email,old_user34@example.com,user34@example.com,2023-11-09 15:32:35.347460
35,521,email,old_user35@example.com,user35@example.com,2023-09-20 16:30:37.834858
36,958,email,old_user36@example.com,user36@example.com,2024-06-20 11:51:47.263690
37,125,email,old_user37@example.com,user37@example.com,2024-10-18 06:01:01.785835
38,711,email,old_user38@example.com,user38@example.com,2023-05-09 07:37:02.219655
39,159,email,old_user39@example.com,user39@example.com,2023-06-21 16:19:20.896337
40,700,email,old_user40@example.com,user40@example.com,2023-03-12 05:48:37.256895
41,465,email,old_user41@example.com,user41@example.com,2024-08-17 21:40:38.575334
42,347,email,old_user42@example.com,user42@example.com,2023-01-05 08:51:38.649388
43,399,email,old_user43@example.com,user43@example.com,2023-02-21 17:15:09.396239
44,472,email,old_user44@example.com,user44@example.com,2024-01-25 01:04:50.678184
45,916,email,old_user45@example.com,user45@example.com,2023-08-23 09:52:31.515798
46,812,email,old_user46@example.com,user46@example.com,2023-09-28 03:30:40.379678
47,395,email,old_user47@example.com,user47@example.com,2024-07-07 13:03:28.914913
48,50,email,old_user48@example.com,user48@example.com,2024-06-27 17:42:58.800823
49,533,email,old_user49@example.com,user49@example.com,2024-09-14 17:36:57.721696
50,688,email,old_user50@example.com,user50@example.com,2024-07-10 10:10:21.404271
51,197,email,old_user51@example.com,user51@example.com,2024-08-15 03:39:11.580054
52,577,email,old_user52@example.com,user52@example.com,2023-03-11 21:00:29.593963
53,783,email,old_user53@example.com,user53@example.com,2024-11-15 04:44:06.939049
54,73,email,old_user54@example.com,user54@example.com,2024-04-15 13:38:11.479789
55,883,email,old_user55@example.com,user55@example.com,2024-03-15 21:48:43.814391
56,109,email,old_user56@example.com,user56@example.com,2024-09-10 10:27:20.558469
57,544,email,old_user57@example.com,user57@example.com,2024-04-13 11:05:39.054837
58,77,email,old_user58@example.com,user58@example.com,2023-09-16 22:15:19.659194
59,472,email,old_user59@example.com,user59@example.com,2023-05-29 02:47:02.937187
60,420,email,old_user60@example.com,user60@example.com,2023-09-14 19:19:34.322938
61,886,email,old_user61@example.com,user61@example.com,2023-01-04 18:57:27.943577
62,481,email,old_user62@example.com,user62@example.com,2024-11-29 04:09:50.835236
63,687,email,old_user63@example.com,user63@example.com,2023-06-13 01:51:50.428833
64,555,email,old_user64@example.com,user64@example.com,2024-04-13 01:46:16.754028
65,895,email,old_user65@example.com,user65@example.com,2023-02-15 03:38:36.363056
66,482,email,old_user66@example.com,user66@example.com,2023-10-29 23:51:15.374599
67,299,email,old_user67@example.com,user67@example.com,2024-05-07 00:01:55.488428
68,858,email,old_user68@example.com,user68@example.com,2024-08-09 18:26:39.239032
69,870,email,old_user69@example.com,user69@example.com,2023-07-17 15:31:06.391750
70,460,email,old_user70@example.com,user70@example.com,2023-10-10 04:18:00.025395
71,390,email,old_user71@example.com,user71@example.com,2023-08-04 17:00:15.541164
72,792,email,old_user72@example.com,user72@example.com,2023-06-06 19:20:44.693276
73,325,email,old_user73@example.com,user73@example.com,2024-10-30 16:56:14.360810
74,250,email,old_user74@example.com,user74@example.com,2023-03-31 08:10:17.446801
75,415,email,old_user75@example.com,user75@example.com,2024-10-03 19:01:52.594894
76,841,email,old_user76@example.com,user76@example.com,2024-03-24 22:28:25.239660
77,842,email,old_user77@example.com,user77@example.com,2023-06-19 00:33:26.579395
78,965,email,old_user78@example.com,user78@example.com,2024-06-28 23:27:07.898086
79,984,email,old_user79@example.com,user79@example.com,2024-07-22 07:09:25.048671
80,990,email,old_user80@example.com,user80@example.com,2024-10-24 21:53:13.226629
81,299,email,old_user81@example.com,user81@example.com,2023-04-10 22:36:55.595220
82,978,email,old_user82@example.com,user82@example.com,2024-12-08 01:38:05.205854
83,680,email,old_user83@example.com,user83@example.com,2024-02-09 06:35:44.835740
84,611,email,old_user84@example.com,user84@example.com,2024-03-21 03:56:58.002386
85,23,email,old_user85@example.com,user85@example.com,2024-02-06 12:32:44.452279
86,674,email,old_user86@example.com,user86@example.com,2023-07-11 06:57:21.511538
87,969,email,old_user87@example.com,user87@example.com,2024-02-04 14:57:48.294581
88,529,email,old_user88@example.com,user88@example.com,2023-02-06 05:53:17.611732
89,756,email,old_user89@example.com,user89@example.com,2024-12-31 06:24:20.103226
90,842,email,old_user90@example.com,user90@example.com,2023-02-12 11:43:35.904536
91,796,email,old_user91@example.com,user91@example.com,2024-12-31 01:15:52.181768
92,985,email,old_user92@example.com,user92@example.com,2023-10-08 06:07:14.798357
93,24,email,old_user93@example.com,user93@example.com,2024-11-15 16:35:11.253970
94,457,email,old_user94@example.com,user94@example.com,2024-10-12 19:17:02.756840
95,492,email,old_user95@example.com,user95@example.com,2023-08-03 01:40:31.957499
96,197,email,old_user96@example.com,user96@example.com,2023-12-06 13:16:00.670531
97,557,email,old_user97@example.com,user97@example.com,2024-01-13 11:59:02.571653
98,172,email,old_user98@example.com,user98@example.com,2024-10-30 02:51:49.976931
99,521,email,old_user99@example.com,user99@example.com,2024-03-12 01:05:26.974482
100,822,email,old_user100@example.com,user100@example.com,2023-10-08 07:21:39.986553
101,706,email,old_user101@example.com,user101@example.com,2023-11-30 19:08:49.278660
102,75,email,old_user102@example.com,user102@example.com,2023-07-08 17:04:10.670773
103,462,email,old_user103@example.com,user103@example.com,2024-07-04 21:15:02.608731
104,30,email,old_user104@example.com,user104@example.com,2024-10-19 07:14:15.118270
105,255,email,old_user105@example.com,user105@example.com,2023-08-10 18:47:05.851152
106,196,email,old_user106@example.com,user106@example.com,2023-12-23 16:31:50.025834
107,281,email,old_user107@example.com,user107@example.com,2023-09-09 10:19:28.566668
108,157,email,old_user108@example.com,user108@example.com,2024-08-17 05:00:34.809708
109,796,email,old_user109@example.com,user109@example.com,2024-12-15 09:25:19.791677
110,748,email,old_user110@example.com,user110@example.com,2024-01-31 07:20:03.384513
111,615,email,old_user111@example.com,user111@example.com,2024-07-07 06:18:45.906018
112,248,email,old_user112@example.com,user112@example.com,2023-10-19 17:04:03.681309
113,6,email,old_user113@example.com,user113@example.com,2024-03-21 10:10:24.748358
114,354,email,old_user114@example.com,user114@example.com,2024-03-26 23:00:12.947778
115,263,email,old_user115@example.com,user115@example.com,2023-02-21 23:57:32.430216
116,303,email,old_user116@example.com,user116@example.com,2024-03-21 09:02:37.145531
117,183,email,old_user117@example.com,user117@example.com,2024-05-21 21:04:50.153243
118,116,email,old_user118@example.com,user118@example.com,2024-04-23 12:29:02.842502
119,742,email,old_user119@example.com,user119@example.com,2023-09-02 01:57:56.246905
120,27,email,old_user120@example.com,user120@example.com,2024-05-22 12:47:16.667454
121,166,email,old_user121@example.com,user121@example.com,2024-04-17 02:06:00.957460
122,167,email,old_user122@example.com,user122@example.com,2023-10-04 23:53:09.006151
123,259,email,old_user123@example.com,user123@example.com,2024-11-18 07:42:50.417064
124,316,email,old_user124@example.com,user124@example.com,2024-03-19 08:52:40.465375
125,618,email,old_user125@example.com,user125@example.com,2023-01-20 18:11:09.119993
126,389,email,old_user126@example.com,user126@example.com,2024-06-14 04:58:15.603549
127,653,email,old_user127@example.com,user127@example.com,2024-08-07 15:55:53.763104
128,434,email,old_user128@example.com,user128@example.com,2023-01-29 16:16:29.246098
129,993,email,old_user129@example.com,user129@example.com,2023-10-03 06:24:34.779891
130,152,email,old_user130@example.com,user130@example.com,2023-02-01 13:17:13.502055
131,915,email,old_user131@example.com,user131@example.com,2024-10-16 23:37:33.990835
132,857,email,old_user132@example.com,user132@example.com,2023-12-09 06:23:28.162685
133,941,email,old_user133@example.com,user133@example.com,2023-12-21 07:03:37.887742
134,393,email,old_user134@example.com,user134@example.com,2023-10-08 09:35:23.516842
135,219,email,old_user135@example.com,user135@example.com,2023-01-19 02:16:37.415577
136,393,email,old_user136@example.com,user136@example.com,2024-06-14 10:40:32.500725
137,55,email,old_user137@example.com,user137@example.com,2024-03-15 23:10:41.229729
138,802,email,old_user138@example.com,user138@example.com,2024-03-05 03:02:08.196196
139,131,email,old_user139@example.com,user139@example.com,2023-04-20 10:49:26.643284
140,968,email,old_user140@example.com,user140@example.com,2023-12-14 01:21:33.716137
141,260,email,old_user141@example.com,user141@example.com,2023-09-28 12:49:55.239249
142,642,email,old_user142@example.com,user142@example.com,2023-03-19 00:59:58.348996
143,25,email,old_user143@example.com,user143@example.com,2024-10-03 03:46:57.926844
144,585,email,old_user144@example.com,user144@example.com,2024-10-19 04:45:37.045059
145,894,email,old_user145@example.com,user145@example.com,2024-11-19 09:14:38.469285
146,864,email,old_user146@example.com,user146@example.com,2023-12-03 23:50:57.460813
147,783,email,old_user147@example.com,user147@example.com,2023-10-27 12:56:54.667757
148,226,email,old_user148@example.com,user148@example.com,2024-11-14 20:51:03.379117
149,791,email,old_user149@example.com,user149@example.com,2024-03-02 19:36:04.359186
150,94,email,old_user150@example.com,user150@example.com,2024-04-25 13:58:47.922666
151,605,email,old_user151@example.com,user151@example.com,2024-08-31 04:26:14.050302
152,637,email,old_user152@example.com,user152@example.com,2024-09-18 06:47:37.260900
153,205,email,old_user153@example.com,user153@example.com,2023-11-21 01:33:58.084720
154,853,email,old_user154@example.com,user154@example.com,2024-07-16 11:31:01.996413
155,28,email,old_user155@example.com,user155@example.com,2023-10-13 22:41:41.430079
156,213,email,old_user156@example.com,user156@example.com,2024-07-24 14:32:16.509304
157,923,email,old_user157@example.com,user157@example.com,2024-05-25 12:11:55.094401
158,474,email,old_user158@example.com,user158@example.com,2024-09-24 22:35:22.417967
159,654,email,old_user159@example.com,user159@example.com,2023-10-10 06:03:17.670340
160,119,email,old_user160@example.com,user160@example.com,2024-12-16 01:49:19.116628
161,236,email,old_user161@example.com,user161@example.com,2023-03-14 16:02:03.465228
162,690,email,old_user162@example.com,user162@example.com,2023-04-28 09:28:53.958705
163,169,email,old_user163@example.com,user163@example.com,2024-04-13 12:23:27.507948
164,920,email,old_user164@example.com,user164@example.com,2024-07-21 00:06:00.845175
165,311,email,old_user165@example.com,user165@example.com,2023-05-06 05:08:40.190146
166,378,email,old_user166@example.com,user166@example.com,2024-03-11 04:24:27.851298
167,452,email,old_user167@example.com,user167@example.com,2024-02-04 19:47:23.917379
168,870,email,old_user168@example.com,user168@example.com,2023-05-13 08:17:06.818133
169,156,email,old_user169@example.com,user169@example.com,2023-01-18 16:05:39.984158
170,396,email,old_user170@example.com,user170@example.com,2023-05-02 11:59:41.636680
171,665,email,old_user171@example.com,user171@example.com,2023-01-14 03:32:25.972917
172,385,email,old_user172@example.com,user172@example.com,2023-09-18 02:04:09.721727
173,310,email,old_user173@example.com,user173@example.com,2023-12-18 21:02:24.842474
174,852,email,old_user174@example.com,user174@example.com,2023-05-14 09:16:56.949606
175,189,email,old_user175@example.com,user175@example.com,2023-09-26 17:50:46.332144
176,606,email,old_user176@example.com,user176@example.com,2023-10-22 23:53:30.013681
177,790,email,old_user177@example.com,user177@example.com,2023-08-29 20:44:10.204215
178,641,email,old_user178@example.com,user178@example.com,2024-06-02 11:28:40.399637
179,897,email,old_user179@example.com,user179@example.com,2024-12-16 21:56:22.595337
180,197,email,old_user180@example.com,user180@example.com,2023-06-26 17:45:11.303102
181,951,email,old_user181@example.com,user181@example.com,2023-10-10 15:36:34.082323
182,617,email,old_user182@example.com,user182@example.com,2023-03-09 20:49:34.253753
183,897,email,old_user183@example.com,user183@example.com,2023-04-27 21:12:39.174634
184,91,email,old_user184@example.com,user184@example.com,2023-11-20 00:58:30.609694
185,463,email,old_user185@example.com,user185@example.com,2023-11-01 22:14:15.780026
186,707,email,old_user186@example.com,user186@example.com,2024-09-01 16:29:44.121768
187,190,email,old_user187@example.com,user187@example.com,2024-10-20 08:38:32.146943
188,316,email,old_user188@example.com,user188@example.com,2023-11-14 14:40:53.391834
189,116,email,old_user189@example.com,user189@example.com,2023-11-03 14:07:24.799523
190,781,email,old_user190@example.com,user190@example.com,2024-04-19 19:57:13.312384
191,523,email,old_user191@example.com,user191@example.com,2023-04-22 12:04:55.663254
192,176,email,old_user192@example.com,user192@example.com,2023-11-23 20:26:02.332811
193,484,email,old_user193@example.com,user193@example.com,2023-10-16 07:19:48.213856
194,425,email,old_user194@example.com,user194@example.com,2023-10-15 10:27:45.204341
195,9,email,old_user195@example.com,user195@example.com,2023-10-21 07:19:14.168608
196,345,email,old_user196@example.com,user196@example.com,2023-10-09 18:44:27.549728
197,353,email,old_user197@example.com,user197@example.com,2023-02-27 12:56:31.535396
198,626,email,old_user198@example.com,user198@example.com,2024-07-14 16:13:45.962322
199,670,email,old_user199@example.com,user199@example.com,2024-01-12 10:50:27.062768
200,391,email,old_user200@example.com,user200@example.com,2023-01-05 17:45:51.929396
201,325,email,old_user201@example.com,user201@example.com,2023-09-16 06:21:51.694309
202,900,email,old_user202@example.com,user202@example.com,2023-02-15 09:36:54.389531
203,999,email,old_user203@example.com,user203@example.com,2024-07-25 09:09:58.366401
204,843,email,old_user204@example.com,user204@example.com,2023-04-12 18:25:51.992508
205,857,email,old_user205@example.com,user205@example.com,2024-12-24 00:26:08.398504
206,371,email,old_user206@example.com,user206@example.com,2024-08-10 05:00:40.193119
207,116,email,old_user207@example.com,user207@example.com,2023-10-22 11:03:04.869066
208,508,email,old_user208@example.com,user208@example.com,2024-06-24 12:01:31.361172
209,152,email,old_user209@example.com,user209@example.com,2024-07-14 18:37:51.957706
210,377,email,old_user210@example.com,user210@example.com,2023-08-29 12:59:34.943134
211,385,email,old_user211@example.com,user211@example.com,2023-10-20 03:14:57.495311
212,419,email,old_user212@example.com,user212@example.com,2024-04-16 02:22:44.582681
213,646,email,old_user213@example.com,user213@example.com,2023-08-02 22:47:26.076634
214,424,email,old_user214@example.com,user214@example.com,2023-03-26 18:47:42.321593
215,225,email,old_user215@example.com,user215@example.com,2023-10-14 16:40:38.617869
216,594,email,old_user216@example.com,user216@example.com,2024-10-15 16:12:04.787268
217,982,email,old_user217@example.com,user217@example.com,2024-10-16 01:33:48.628650
218,140,email,old_user218@example.com,user218@example.com,2023-04-17 14:01:29.286079
219,397,email,old_user219@example.com,user219@example.com,2024-07-21 13:39:27.555971
220,662,email,old_user220@example.com,user220@example.com,2024-07-14 23:20:03.166657
221,781,email,old_user221@example.com,user221@example.com,2023-06-16 00:54:27.632863
222,426,email,old_user222@example.com,user222@example.com,2023-05-27 12:46:04.462861
223,126,email,old_user223@example.com,user223@example.com,2024-01-10 19:52:56.739507
224,227,email,old_user224@example.com,user224@example.com,2023-08-20 11:43:22.009153
225,218,email,old_user225@example.com,user225@example.com,2024-07-31 11:39:40.375327
226,714,email,old_user226@example.com,user226@example.com,2024-08-08 07:18:13.019978
227,399,email,old_user227@example.com,user227@example.com,2024-10-18 12:15:25.940576
228,129,email,old_user228@example.com,user228@example.com,2024-11-12 23:15:24.700749
229,933,email,old_user229@example.com,user229@example.com,2024-09-28 08:08:12.447792
230,2,email,old_user230@example.com,user230@example.com,2023-03-30 02:53:12.084572
231,718,email,old_user231@example.com,user231@example.com,2023-04-05 00:49:19.710673
232,561,email,old_user232@example.com,user232@example.com,2023-02-09 10:30:39.707818
233,619,email,old_user233@example.com,user233@example.com,2023-04-08 16:37:11.846999
234,259,email,old_user234@example.com,user234@example.com,2024-08-25 10:33:57.872494
235,265,email,old_user235@example.com,user235@example.com,2023-09-16 23:20:37.142212
236,131,email,old_user236@example.com,user236@example.com,2024-08-03 15:26:44.211811
237,895,email,old_user237@example.com,user237@example.com,2024-02-23 13:14:40.628165
238,366,email,old_user238@example.com,user238@example.com,2023-01-03 08:44:28.654605
239,369,email,old_user239@example.com,user239@example.com,2024-02-04 13:01:00.124092
240,674,email,old_user240@example.com,user240@example.com,2023-12-03 02:27:31.176864
241,574,email,old_user241@example.com,user241@example.com,2024-04-17 18:42:14.746406
242,291,email,old_user242@example.com,user242@example.com,2023-07-24 04:40:11.103777
243,58,email,old_user243@example.com,user243@example.com,2024-01-24 04:00:53.397277
244,596,email,old_user244@example.com,user244@example.com,2023-11-05 16:13:41.062185
245,965,email,old_user245@example.com,user245@example.com,2023-02-08 13:37:09.797744
246,745,email,old_user246@example.com,user246@example.com,2023-06-10 07:27:07.950782
247,74,email,old_user247@example.com,user247@example.com,2023-07-15 01:08:07.401168
248,355,email,old_user248@example.com,user248@example.com,2023-10-18 00:19:14.485316
249,474,email,old_user249@example.com,user249@example.com,2023-03-30 01:55:37.915929
250,97,email,old_user250@example.com,user250@example.com,2023-08-22 04:02:12.472454
251,328,email,old_user251@example.com,user251@example.com,2024-04-14 17:04:29.574940
252,993,email,old_user252@example.com,user252@example.com,2024-06-27 11:59:14.659220
253,668,email,old_user253@example.com,user253@example.com,2024-10-23 15:08:25.864647
254,251,email,old_user254@example.com,user254@example.com,2024-04-21 19:27:34.234050
255,190,email,old_user255@example.com,user255@example.com,2024-04-01 22:13:57.603969
256,376,email,old_user256@example.com,user256@example.com,2024-06-01 03:31:24.185250
257,573,email,old_user257@example.com,user257@example.com,2024-04-10 03:39:36.073069
258,352,email,old_user258@example.com,user258@example.com,2023-07-14 10:29:54.148457
259,889,email,old_user259@example.com,user259@example.com,2023-05-17 04:24:35.701116
260,756,email,old_user260@example.com,user260@example.com,2024-06-22 05:09:31.526676
261,81,email,old_user261@example.com,user261@example.com,2023-01-02 01:02:17.363865
262,513,email,old_user262@example.com,user262@example.com,2024-09-10 22:57:02.524237
263,114,email,old_user263@example.com,user263@example.com,2024-10-12 13:16:56.455973
264,246,email,old_user264@example.com,user264@example.com,2024-04-01 19:29:08.869591
265,13,email,old_user265@example.com,user265@example.com,2023-03-07 13:09:59.871756
266,575,email,old_user266@example.com,user266@example.com,2023-11-02 11:39:09.481610
267,339,email,old_user267@example.com,user267@example.com,2023-07-06 07:55:27.263175
268,506,email,old_user268@example.com,user268@example.com,2024-03-06 16:30:50.864561
269,263,email,old_user269@example.com,user269@example.com,2024-09-18 09:17:36.222922
270,223,email,old_user270@example.com,user270@example.com,2024-01-31 02:37:11.144931
271,574,email,old_user271@example.com,user271@example.com,2024-06-26 07:15:37.777416
272,541,email,old_user272@example.com,user272@example.com,2024-01-04 03:29:56.410542
273,864,email,old_user273@example.com,user273@example.com,2024-04-29 18:12:31.559743
274,612,email,old_user274@example.com,user274@example.com,2024-11-23 16:32:19.039419
275,466,email,old_user275@example.com,user275@example.com,2023-03-20 15:54:02.692873
276,769,email,old_user276@example.com,user276@example.com,2023-12-01 16:43:44.912662
277,822,email,old_user277@example.com,user277@example.com,2023-09-17 13:26:47.913395
278,928,email,old_user278@example.com,user278@example.com,2024-10-16 21:03:02.230721
279,389,email,old_user279@example.com,user279@example.com,2024-06-08 11:29:24.948970
280,968,email,old_user280@example.com,user280@example.com,2023-05-11 00:48:36.738749
281,281,email,old_user281@example.com,user281@example.com,2024-05-03 22:15:52.243521
282,180,email,old_user282@example.com,user282@example.com,2023-10-30 13:58:14.439021
283,996,email,old_user283@example.com,user283@example.com,2024-10-20 10:52:39.014832
284,380,email,old_user284@example.com,user284@example.com,2024-07-28 02:34:37.957850
285,35,email,old_user285@example.com,user285@example.com,2024-01-06 18:03:28.407659
286,924,email,old_user286@example.com,user286@example.com,2024-10-19 22:09:52.226896
287,454,email,old_user287@example.com,user287@example.com,2024-08-13 13:49:57.911588
288,820,email,old_user288@example.com,user288@example.com,2024-09-09 18:47:44.879507
289,674,email,old_user289@example.com,user289@example.com,2023-08-16 21:33:51.283130
290,246,email,old_user290@example.com,user290@example.com,2023-12-06 23:37:53.449702
291,178,email,old_user291@example.com,user291@example.com,2024-01-12 14:02:08.382410
292,977,email,old_user292@example.com,user292@example.com,2024-03-04 03:13:57.249998
293,63,email,old_user293@example.com,user293@example.com,2023-07-07 10:33:15.284261
294,643,email,old_user294@example.com,user294@example.com,2023-12-13 12:44:29.619512
295,354,email,old_user295@example.com,user295@example.com,2024-12-16 19:43:56.614392
296,559,email,old_user296@example.com,user296@example.com,2023-02-08 08:55:02.927555
297,177,email,old_user297@example.com,user297@example.com,2023-09-22 19:33:42.213197
298,877,email,old_user298@example.com,user298@example.com,2024-01-23 10:18:49.694052
299,509,email,old_user299@example.com,user299@example.com,2023-02-09 10:45:42.712549
300,490,email,old_user300@example.com,user300@example.com,2024-07-23 06:29:11.058235
301,872,email,old_user301@example.com,user301@example.com,2023-01-31 04:42:40.548028
302,440,email,old_user302@example.com,user302@example.com,2024-08-07 19:53:47.474517
303,287,email,old_user303@example.com,user303@example.com,2023-01-06 21:26:19.591549
304,602,email,old_user304@example.com,user304@example.com,2023-08-11 00:56:21.989664
305,123,email,old_user305@example.com,user305@example.com,2024-12-28 09:07:12.462881
306,846,email,old_user306@example.com,user306@example.com,2024-09-23 17:26:33.842160
307,719,email,old_user307@example.com,user307@example.com,2023-08-28 22:25:50.910763
308,414,email,old_user308@example.com,user308@example.com,2023-10-11 02:27:16.140875
309,208,email,old_user309@example.com,user309@example.com,2023-11-03 10:11:38.518590
310,322,email,old_user310@example.com,user310@example.com,2024-05-10 22:43:01.769744
311,335,email,old_user311@example.com,user311@example.com,2024-11-15 07:37:17.040979
312,753,email,old_user312@example.com,user312@example.com,2024-10-14 09:22:10.864079
313,972,email,old_user313@example.com,user313@example.com,2024-12-30 10:26:37.776335
314,393,email,old_user314@example.com,user314@example.com,2024-09-05 23:59:50.764282
315,248,email,old_user315@example.com,user315@example.com,2024-01-07 08:11:27.768705
316,502,email,old_user316@example.com,user316@example.com,2023-08-22 06:23:39.316380
317,591,email,old_user317@example.com,user317@example.com,2023-07-07 18:33:01.556325
318,676,email,old_user318@example.com,user318@example.com,2024-07-10 17:53:14.814381
319,665,email,old_user319@example.com,user319@example.com,2023-09-26 03:11:41.159538
320,273,email,old_user320@example.com,user320@example.com,2024-10-20 21:11:30.794752
321,893,email,old_user321@example.com,user321@example.com,2023-04-25 20:28:40.424204
322,623,email,old_user322@example.com,user322@example.com,2024-07-15 02:52:25.953784
323,196,email,old_user323@example.com,user323@example.com,2023-02-13 09:19:49.297352
324,470,email,old_user324@example.com,user324@example.com,2023-01-12 15:03:26.789144
325,800,email,old_user325@example.com,user325@example.com,2024-12-05 11:41:06.009333
326,167,email,old_user326@example.com,user326@example.com,2023-02-15 05:53:17.829164
327,73,email,old_user327@example.com,user327@example.com,2023-05-29 19:11:43.968610
328,846,email,old_user328@example.com,user328@example.com,2024-04-13 03:01:10.141347
329,497,email,old_user329@example.com,user329@example.com,2023-06-27 05:59:33.496485
330,667,email,old_user330@example.com,user330@example.com,2023-04-14 18:24:10.435691
331,936,email,old_user331@example.com,user331@example.com,2023-11-24 22:12:19.606529
332,722,email,old_user332@example.com,user332@example.com,2024-08-02 15:55:16.826006
333,192,email,old_user333@example.com,user333@example.com,2023-01-16 07:54:04.557135
334,562,email,old_user334@example.com,user334@example.com,2024-09-23 05:40:14.448839
335,594,email,old_user335@example.com,user335@example.com,2023-05-02 11:29:08.695087
336,857,email,old_user336@example.com,user336@example.com,2023-11-05 06:14:13.760764
337,762,email,old_user337@example.com,user337@example.com,2023-07-30 20:00:00.639028
338,893,email,old_user338@example.com,user338@example.com,2024-08-18 22:06:44.385513
339,254,email,old_user339@example.com,user339@example.com,2023-02-09 06:57:58.111218
340,555,email,old_user340@example.com,user340@example.com,2024-08-24 22:33:35.264799
341,368,email,old_user341@example.com,user341@example.com,2024-08-13 22:33:35.341462
342,831,email,old_user342@example.com,user342@example.com,2024-12-23 20:25:11.555897
343,136,email,old_user343@example.com,user343@example.com,2023-04-26 07:04:39.621731
344,783,email,old_user344@example.com,user344@example.com,2024-03-13 16:33:35.527370
345,140,email,old_user345@example.com,user345@example.com,2023-06-22 21:55:12.394957
346,889,email,old_user346@example.com,user346@example.com,2023-04-08 21:01:47.790604
347,248,email,old_user347@example.com,user347@example.com,2024-10-19 08:48:42.270550
348,509,email,old_user348@example.com,user348@example.com,2023-11-10 11:23:34.614554
349,802,email,old_user349@example.com,user349@example.com,2023-02-24 10:24:07.124693
350,360,email,old_user350@example.com,user350@example.com,2023-10-05 08:31:49.306185
351,922,email,old_user351@example.com,user351@example.com,2023-10-30 05:44:56.006961
352,990,email,old_user352@example.com,user352@example.com,2024-06-25 13:21:44.058011
353,285,email,old_user353@example.com,user353@example.com,2024-05-15 09:13:50.169995
354,153,email,old_user354@example.com,user354@example.com,2024-06-01 13:32:27.491253
355,197,email,old_user355@example.com,user355@example.com,2023-06-01 18:15:22.976765
356,667,email,old_user356@example.com,user356@example.com,2023-04-05 05:59:34.883858
357,509,email,old_user357@example.com,user357@example.com,2024-03-17 04:09:06.140455
358,422,email,old_user358@example.com,user358@example.com,2023-06-02 11:16:49.256438
359,133,email,old_user359@example.com,user359@example.com,2024-05-30 07:28:41.525164
360,607,email,old_user360@example.com,user360@example.com,2023-07-01 02:28:34.709684
361,774,email,old_user361@example.com,user361@example.com,2024-11-12 04:49:18.723695
362,612,email,old_user362@example.com,user362@example.com,2024-09-10 01:02:44.133894
363,591,email,old_user363@example.com,user363@example.com,2023-10-27 15:52:11.945857
364,651,email,old_user364@example.com,user364@example.com,2024-12-21 20:58:21.854472
365,635,email,old_user365@example.com,user365@example.com,2024-03-18 01:44:24.505631
366,424,email,old_user366@example.com,user366@example.com,2024-04-11 22:03:24.339091
367,21,email,old_user367@example.com,user367@example.com,2023-01-09 06:51:57.638362
368,214,email,old_user368@example.com,user368@example.com,2023-11-16 07:57:29.772920
369,679,email,old_user369@example.com,user369@example.com,2024-08-01 15:42:54.459866
370,994,email,old_user370@example.com,user370@example.com,2023-05-25 11:45:18.370659
371,466,email,old_user371@example.com,user371@example.com,2024-10-02 09:42:47.751640
372,212,email,old_user372@example.com,user372@example.com,2024-11-30 13:00:32.199753
373,553,email,old_user373@example.com,user373@example.com,2024-01-20 15:17:41.715225
374,438,email,old_user374@example.com,user374@example.com,2023-09-01 04:44:49.377815
375,607,email,old_user375@example.com,user375@example.com,2024-01-03 23:11:13.944297
376,289,email,old_user376@example.com,user376@example.com,2024-12-07 06:47:08.583085
377,956,email,old_user377@example.com,user377@example.com,2024-09-23 03:23:04.417771
378,765,email,old_user378@example.com,user378@example.com,2024-06-16 20:19:21.779977
379,916,email,old_user379@example.com,user379@example.com,2023-12-31 13:39:48.930466
380,930,email,old_user380@example.com,user380@example.com,2024-07-31 10:25:16.915884
381,134,email,old_user381@example.com,user381@example.com,2023-12-06 20:39:48.159488
382,707,email,old_user382@example.com,user382@example.com,2024-06-30 08:24:44.487094
383,219,email,old_user383@example.com,user383@example.com,2023-10-26 14:28:14.165722
384,849,email,old_user384@example.com,user384@example.com,2023-04-20 17:02:52.610646
385,375,email,old_user385@example.com,user385@example.com,2024-03-02 14:26:45.149448
386,907,email,old_user386@example.com,user386@example.com,2024-07-02 17:16:32.294980
387,509,email,old_user387@example.com,user387@example.com,2024-07-07 00:11:18.875456
388,309,email,old_user388@example.com,user388@example.com,2023-01-12 21:21:21.151716
389,673,email,old_user389@example.com,user389@example.com,2024-09-24 10:12:35.117355
390,252,email,old_user390@example.com,user390@example.com,2024-02-08 22:38:15.458374
391,592,email,old_user391@example.com,user391@example.com,2023-08-24 13:07:26.511705
392,59,email,old_user392@example.com,user392@example.com,2024-03-04 17:09:53.246414
393,900,email,old_user393@example.com,user393@example.com,2023-09-21 17:01:12.295895
394,758,email,old_user394@example.com,user394@example.com,2024-04-01 11:08:10.338157
395,616,email,old_user395@example.com,user395@example.com,2024-12-30 00:48:08.712371
396,162,email,old_user396@example.com,user396@example.com,2023-01-06 02:40:22.359254
397,461,email,old_user397@example.com,user397@example.com,2024-08-11 14:40:58.993651
398,285,email,old_user398@example.com,user398@example.com,2024-04-06 04:14:50.691207
399,988,email,old_user399@example.com,user399@example.com,2023-01-21 08:09:31.230015
400,539,email,old_user400@example.com,user400@example.com,2023-06-22 18:57:04.211365
401,49,email,old_user401@example.com,user401@example.com,2024-07-27 18:56:08.362653
402,302,email,old_user402@example.com,user402@example.com,2024-03-27 00:47:44.708135
403,703,email,old_user403@example.com,user403@example.com,2024-03-15 13:33:15.271485
404,832,email,old_user404@example.com,user404@example.com,2024-06-01 05:56:41.720188
405,581,email,old_user405@example.com,user405@example.com,2023-05-29 04:19:24.328859
406,72,email,old_user406@example.com,user406@example.com,2024-01-02 21:49:06.598161
407,879,email,old_user407@example.com,user407@example.com,2023-11-16 20:36:03.293180
408,482,email,old_user408@example.com,user408@example.com,2024-06-20 06:01:08.585709
409,542,email,old_user409@example.com,user409@example.com,2023-02-25 23:46:05.443903
410,186,email,old_user410@example.com,user410@example.com,2023-11-14 02:38:40.821230
411,144,email,old_user411@example.com,user411@example.com,2024-08-17 06:49:32.007375
412,605,email,old_user412@example.com,user412@example.com,2023-12-13 14:42:26.007841
413,52,email,old_user413@example.com,user413@example.com,2024-10-18 16:45:28.828025
414,941,email,old_user414@example.com,user414@example.com,2024-10-16 17:59:50.164496
415,127,email,old_user415@example.com,user415@example.com,2023-06-16 05:54:55.120833
416,1000,email,old_user416@example.com,user416@example.com,2024-11-14 06:58:40.983792
417,937,email,old_user417@example.com,user417@example.com,2024-12-12 12:28:06.600841
418,899,email,old_user418@example.com,user418@example.com,2023-06-04 01:27:15.556807
419,296,email,old_user419@example.com,user419@example.com,2023-11-12 16:15:56.464017
420,725,email,old_user420@example.com,user420@example.com,2024-06-27 06:54:14.203572
421,503,email,old_user421@example.com,user421@example.com,2024-12-11 02:46:34.758534
422,3,email,old_user422@example.com,user422@example.com,2024-06-27 03:23:32.381952
423,730,email,old_user423@example.com,user423@example.com,2024-04-19 10:56:17.750774
424,369,email,old_user424@example.com,user424@example.com,2024-04-28 03:11:06.413017
425,364,email,old_user425@example.com,user425@example.com,2024-03-03 19:22:54.874006
426,620,email,old_user426@example.com,user426@example.com,2023-02-21 14:01:28.187068
427,302,email,old_user427@example.com,user427@example.com,2024-01-04 08:38:39.133712
428,92,email,old_user428@example.com,user428@example.com,2023-08-02 02:19:30.169069
429,914,email,old_user429@example.com,user429@example.com,2024-08-17 04:00:32.405850
430,774,email,old_user430@example.com,user430@example.com,2023-09-13 10:41:26.065129
431,317,email,old_user431@example.com,user431@example.com,2024-08-12 19:10:36.853880
432,966,email,old_user432@example.com,user432@example.com,2024-04-08 05:51:57.943920
433,367,email,old_user433@example.com,user433@example.com,2024-10-30 14:40:15.548683
434,491,email,old_user434@example.com,user434@example.com,2023-04-20 00:22:32.278672
435,459,email,old_user435@example.com,user435@example.com,2024-08-27 22:36:08.256385
436,757,email,old_user436@example.com,user436@example.com,2024-01-23 17:40:00.538043
437,152,email,old_user437@example.com,user437@example.com,2024-02-26 10:37:13.916463
438,366,email,old_user438@example.com,user438@example.com,2024-08-15 18:50:55.610619
439,801,email,old_user439@example.com,user439@example.com,2023-10-28 17:06:35.333266
440,672,email,old_user440@example.com,user440@example.com,2024-12-25 04:23:33.824140
441,465,email,old_user441@example.com,user441@example.com,2024-04-03 00:41:52.685627
442,727,email,old_user442@example.com,user442@example.com,2023-01-02 18:28:51.037444
443,426,email,old_user443@example.com,user443@example.com,2024-04-12 07:10:28.709331
444,925,email,old_user444@example.com,user444@example.com,2023-08-31 22:40:24.349214
445,504,email,old_user445@example.com,user445@example.com,2023-10-04 13:08:20.231845
446,861,email,old_user446@example.com,user446@example.com,2024-11-06 17:09:05.683791
447,147,email,old_user447@example.com,user447@example.com,2023-05-24 01:55:16.961244
448,175,email,old_user448@example.com,user448@example.com,2024-01-15 02:08:57.759334
449,235,email,old_user449@example.com,user449@example.com,2023-01-17 09:59:52.765330
450,49,email,old_user450@example.com,user450@example.com,2024-02-18 08:43:45.375203
451,701,email,old_user451@example.com,user451@example.com,2024-10-02 17:32:35.252315
452,255,email,old_user452@example.com,user452@example.com,2023-01-06 13:07:44.890446
453,802,email,old_user453@example.com,user453@example.com,2023-01-07 08:55:49.103855
454,709,email,old_user454@example.com,user454@example.com,2024-01-26 04:21:49.230278
455,661,email,old_user455@example.com,user455@example.com,2023-04-03 14:15:18.328414
456,693,email,old_user456@example.com,user456@example.com,2023-11-26 05:01:12.759197
457,53,email,old_user457@example.com,user457@example.com,2023-10-26 06:27:32.939987
458,719,email,old_user458@example.com,user458@example.com,2024-01-16 18:56:36.253386
459,664,email,old_user459@example.com,user459@example.com,2023-08-25 14:56:09.284312
460,452,email,old_user460@example.com,user460@example.com,2023-09-16 16:24:36.333942
461,411,email,old_user461@example.com,user461@example.com,2024-05-24 12:35:47.141187
462,371,email,old_user462@example.com,user462@example.com,2024-11-24 11:36:03.934071
463,769,email,old_user463@example.com,user463@example.com,2024-05-03 08:23:56.482868
464,148,email,old_user464@example.com,user464@example.com,2023-07-16 12:00:10.458736
465,870,email,old_user465@example.com,user465@example.com,2024-08-18 23:46:58.345836
466,629,email,old_user466@example.com,user466@example.com,2024-01-28 21:15:14.556499
467,261,email,old_user467@example.com,user467@example.com,2024-11-13 23:18:39.933173
468,34,email,old_user468@example.com,user468@example.com,2023-10-22 09:49:16.210616
469,692,email,old_user469@example.com,user469@example.com,2024-12-24 08:52:19.399838
470,647,email,old_user470@example.com,user470@example.com,2023-04-03 16:19:20.850682
471,971,email,old_user471@example.com,user471@example.com,2024-11-02 01:00:30.478963
472,951,email,old_user472@example.com,user472@example.com,2024-09-05 08:31:31.694315
473,699,email,old_user473@example.com,user473@example.com,2023-11-24 01:47:13.101844
474,870,email,old_user474@example.com,user474@example.com,2023-05-20 04:58:52.321305
475,253,email,old_user475@example.com,user475@example.com,2024-03-24 21:23:10.556142
476,249,email,old_user476@example.com,user476@example.com,2024-02-04 17:01:18.267702
477,40,email,old_user477@example.com,user477@example.com,2023-07-17 00:30:07.350056
478,83,email,old_user478@example.com,user478@example.com,2023-07-24 15:56:49.081874
479,451,email,old_user479@example.com,user479@example.com,2024-06-15 08:27:12.955376
480,405,email,old_user480@example.com,user480@example.com,2023-08-30 13:14:28.316237
481,940,email,old_user481@example.com,user481@example.com,2024-07-31 20:46:59.299419
482,235,email,old_user482@example.com,user482@example.com,2024-04-25 20:35:53.635936
483,793,email,old_user483@example.com,user483@example.com,2023-12-14 15:44:58.669283
484,766,email,old_user484@example.com,user484@example.com,2024-07-10 20:27:41.260447
485,523,email,old_user485@example.com,user485@example.com,2024-12-01 02:25:43.406496
486,435,email,old_user486@example.com,user486@example.com,2023-03-29 11:53:54.656156
487,469,email,old_user487@example.com,user487@example.com,2023-05-03 15:18:44.487382
488,711,email,old_user488@example.com,user488@example.com,2023-11-26 22:56:40.547102
489,565,email,old_user489@example.com,user489@example.com,2023-07-15 08:51:34.214717
490,950,email,old_user490@example.com,user490@example.com,2023-08-16 06:54:22.500545
491,143,email,old_user491@example.com,user491@example.com,2024-01-12 08:10:51.075168
492,642,email,old_user492@example.com,user492@example.com,2023-09-29 08:57:48.099736
493,556,email,old_user493@example.com,user493@example.com,2023-07-27 11:37:44.426144
494,763,email,old_user494@example.com,user494@example.com,2023-09-06 02:51:43.106119
495,170,email,old_user495@example.com,user495@example.com,2024-11-09 07:25:52.348465
496,367,email,old_user496@example.com,user496@example.com,2023-09-27 06:45:04.943992
497,62,email,old_user497@example.com,user497@example.com,2024-02-22 00:57:05.658582
498,705,email,old_user498@example.com,user498@example.com,2024-07-31 01:46:48.660535
499,786,email,old_user499@example.com,user499@example.com,2024-10-27 15:59:10.338022
500,646,email,old_user500@example.com,user500@example.com,2024-07-16 17:14:59.613467
501,883,email,old_user501@example.com,user501@example.com,2023-01-11 06:23:50.441189
502,468,email,old_user502@example.com,user502@example.com,2024-01-25 16:38:54.927887
503,814,email,old_user503@example.com,user503@example.com,2023-04-17 18:22:34.693754
504,374,email,old_user504@example.com,user504@example.com,2024-11-02 14:56:31.202113
505,596,email,old_user505@example.com,user505@example.com,2024-11-19 21:52:02.569863
506,244,email,old_user506@example.com,user506@example.com,2023-10-09 17:15:13.720576
507,854,email,old_user507@example.com,user507@example.com,2024-06-21 12:37:28.587592
508,260,email,old_user508@example.com,user508@example.com,2023-04-09 03:44:41.503048
509,405,email,old_user509@example.com,user509@example.com,2023-04-22 04:18:31.860476
510,12,email,old_user510@example.com,user510@example.com,2023-03-28 19:32:55.153888
511,768,email,old_user511@example.com,user511@example.com,2023-05-11 23:20:37.528273
512,757,email,old_user512@example.com,user512@example.com,2024-05-11 00:28:18.728217
513,234,email,old_user513@example.com,user513@example.com,2023-07-30 17:20:32.911212
514,898,email,old_user514@example.com,user514@example.com,2024-01-07 17:54:00.921909
515,584,email,old_user515@example.com,user515@example.com,2024-01-03 10:26:37.796795
516,623,email,old_user516@example.com,user516@example.com,2023-04-25 18:16:55.102202
517,529,email,old_user517@example.com,user517@example.com,2024-05-19 21:42:42.664757
518,479,email,old_user518@example.com,user518@example.com,2024-04-07 17:52:42.500346
519,826,email,old_user519@example.com,user519@example.com,2023-02-21 01:27:40.050880
520,763,email,old_user520@example.com,user520@example.com,2023-10-29 20:32:54.362205
521,73,email,old_user521@example.com,user521@example.com,2023-12-28 13:28:22.054377
522,250,email,old_user522@example.com,user522@example.com,2023-08-22 12:53:56.884687
523,774,email,old_user523@example.com,user523@example.com,2024-10-19 11:33:43.726507
524,171,email,old_user524@example.com,user524@example.com,2023-04-25 23:47:25.170636
525,565,email,old_user525@example.com,user525@example.com,2024-05-24 08:58:56.379095
526,164,email,old_user526@example.com,user526@example.com,2023-12-16 08:20:44.198779
527,370,email,old_user527@example.com,user527@example.com,2023-12-23 04:00:31.408628
528,525,email,old_user528@example.com,user528@example.com,2023-01-12 05:01:37.734227
529,456,email,old_user529@example.com,user529@example.com,2024-10-10 01:02:46.150412
530,313,email,old_user530@example.com,user530@example.com,2024-08-03 01:31:23.547319
531,166,email,old_user531@example.com,user531@example.com,2023-06-12 16:21:27.315210
532,568,email,old_user532@example.com,user532@example.com,2023-01-24 08:39:38.033794
533,963,email,old_user533@example.com,user533@example.com,2023-08-06 00:59:46.430460
534,903,email,old_user534@example.com,user534@example.com,2023-07-22 09:32:56.042951
535,629,email,old_user535@example.com,user535@example.com,2023-01-05 09:51:54.677784
536,210,email,old_user536@example.com,user536@example.com,2024-04-29 03:07:08.430742
537,887,email,old_user537@example.com,user537@example.com,2023-12-17 14:12:40.774852
538,446,email,old_user538@example.com,user538@example.com,2023-08-30 03:28:09.429383
539,404,email,old_user539@example.com,user539@example.com,2024-08-22 09:05:32.827323
540,609,email,old_user540@example.com,user540@example.com,2023-12-12 18:18:50.577947
541,719,email,old_user541@example.com,user541@example.com,2023-03-20 17:24:20.358453
542,154,email,old_user542@example.com,user542@example.com,2024-01-18 08:26:58.774221
543,649,email,old_user543@example.com,user543@example.com,2024-08-27 08:36:34.374154
544,815,email,old_user544@example.com,user544@example.com,2023-07-29 18:49:50.467021
545,106,email,old_user545@example.com,user545@example.com,2024-09-11 08:39:09.621123
546,75,email,old_user546@example.com,user546@example.com,2023-06-02 18:51:31.568606
547,554,email,old_user547@example.com,user547@example.com,2023-03-27 23:39:56.861573
548,530,email,old_user548@example.com,user548@example.com,2024-04-17 00:46:32.524314
549,302,email,old_user549@example.com,user549@example.com,2024-10-23 19:54:15.376701
550,177,email,old_user550@example.com,user550@example.com,2023-08-05 06:57:28.608379
551,160,email,old_user551@example.com,user551@example.com,2023-09-07 21:15:40.841553
552,587,email,old_user552@example.com,user552@example.com,2024-01-04 02:04:02.236667
553,216,email,old_user553@example.com,user553@example.com,2023-05-18 16:42:55.125288
554,899,email,old_user554@example.com,user554@example.com,2024-12-28 16:03:39.288872
555,393,email,old_user555@example.com,user555@example.com,2024-09-28 08:33:56.806822
556,969,email,old_user556@example.com,user556@example.com,2023-09-05 21:08:02.098472
557,832,email,old_user557@example.com,user557@example.com,2024-10-19 16:08:27.634631
558,688,email,old_user558@example.com,user558@example.com,2024-08-04 05:11:54.060467
559,838,email,old_user559@example.com,user559@example.com,2024-10-09 16:26:57.607912
560,746,email,old_user560@example.com,user560@example.com,2024-01-23 04:54:17.680926
561,656,email,old_user561@example.com,user561@example.com,2024-01-15 06:18:05.643870
562,222,email,old_user562@example.com,user562@example.com,2023-08-11 10:14:49.459647
563,781,email,old_user563@example.com,user563@example.com,2023-05-19 09:25:17.218377
564,762,email,old_user564@example.com,user564@example.com,2023-08-01 02:38:19.788564
565,393,email,old_user565@example.com,user565@example.com,2024-06-21 08:52:46.415997
566,552,email,old_user566@example.com,user566@example.com,2024-08-13 22:55:50.515037
567,266,email,old_user567@example.com,user567@example.com,2023-07-07 15:57:26.266821
568,377,email,old_user568@example.com,user568@example.com,2024-02-27 03:22:57.976392
569,855,email,old_user569@example.com,user569@example.com,2024-12-04 22:49:10.733314
570,641,email,old_user570@example.com,user570@example.com,2023-01-21 05:15:14.684656
571,82,email,old_user571@example.com,user571@example.com,2023-05-08 12:59:52.080613
572,632,email,old_user572@example.com,user572@example.com,2024-06-01 03:50:53.879199
573,440,email,old_user573@example.com,user573@example.com,2024-12-03 12:06:38.172380
574,680,email,old_user574@example.com,user574@example.com,2024-06-10 14:27:18.065121
575,675,email,old_user575@example.com,user575@example.com,2024-04-25 19:43:05.703643
576,67,email,old_user576@example.com,user576@example.com,2024-05-13 13:58:43.462934
577,178,email,old_user577@example.com,user577@example.com,2023-08-03 21:41:48.158994
578,852,email,old_user578@example.com,user578@example.com,2023-09-17 21:08:48.185250
579,685,email,old_user579@example.com,user579@example.com,2024-01-02 18:23:16.980168
580,871,email,old_user580@example.com,user580@example.com,2023-10-16 20:35:12.033879
581,455,email,old_user581@example.com,user581@example.com,2024-09-14 15:11:18.699659
582,506,email,old_user582@example.com,user582@example.com,2023-10-25 15:33:58.759798
583,100,email,old_user583@example.com,user583@example.com,2024-12-27 22:02:21.179332
584,119,email,old_user584@example.com,user584@example.com,2024-06-28 14:54:12.111976
585,277,email,old_user585@example.com,user585@example.com,2023-12-22 05:16:41.483338
586,534,email,old_user586@example.com,user586@example.com,2024-11-19 07:13:29.916064
587,262,email,old_user587@example.com,user587@example.com,2023-10-07 11:27:41.311671
588,18,email,old_user588@example.com,user588@example.com,2023-12-27 08:06:42.881248
589,257,email,old_user589@example.com,user589@example.com,2023-06-21 13:50:20.504744
590,582,email,old_user590@example.com,user590@example.com,2024-06-04 18:19:29.587061
591,461,email,old_user591@example.com,user591@example.com,2024-07-27 08:56:05.746056
592,908,email,old_user592@example.com,user592@example.com,2023-07-19 06:20:27.460913
593,496,email,old_user593@example.com,user593@example.com,2023-11-23 20:30:29.032651
594,535,email,old_user594@example.com,user594@example.com,2023-02-03 20:25:07.061775
595,841,email,old_user595@example.com,user595@example.com,2024-05-10 14:04:02.773435
596,44,email,old_user596@example.com,user596@example.com,2024-09-27 10:53:19.474165
597,653,email,old_user597@example.com,user597@example.com,2024-11-19 18:56:26.937089
598,26,email,old_user598@example.com,user598@example.com,2024-04-03 10:25:02.642152
599,168,email,old_user599@example.com,user599@example.com,2023-05-28 02:05:23.090345
600,264,email,old_user600@example.com,user600@example.com,2023-11-17 04:06:26.066255
601,516,email,old_user601@example.com,user601@example.com,2024-10-01 21:31:13.765035
602,759,email,old_user602@example.com,user602@example.com,2023-11-10 18:28:07.853538
603,279,email,old_user603@example.com,user603@example.com,2023-10-15 03:15:22.687501
604,449,email,old_user604@example.com,user604@example.com,2024-10-23 20:50:31.734288
605,385,email,old_user605@example.com,user605@example.com,2023-08-30 10:56:39.636100
606,960,email,old_user606@example.com,user606@example.com,2023-03-26 09:06:33.981731
607,367,email,old_user607@example.com,user607@example.com,2023-05-10 16:17:22.348509
608,696,email,old_user608@example.com,user608@example.com,2024-04-29 12:40:41.208641
609,958,email,old_user609@example.com,user609@example.com,2023-12-27 22:21:39.038334
610,68,email,old_user610@example.com,user610@example.com,2024-06-18 22:36:45.336316
611,40,email,old_user611@example.com,user611@example.com,2023-01-31 10:32:29.538323
612,295,email,old_user612@example.com,user612@example.com,2023-03-03 16:26:11.214883
613,337,email,old_user613@example.com,user613@example.com,2023-09-09 13:17:01.147466
614,440,email,old_user614@example.com,user614@example.com,2023-08-20 12:24:09.021039
615,32,email,old_user615@example.com,user615@example.com,2024-02-27 11:30:05.542510
616,24,email,old_user616@example.com,user616@example.com,2024-04-01 15:56:26.770762
617,109,email,old_user617@example.com,user617@example.com,2023-08-12 19:39:35.704047
618,11,email,old_user618@example.com,user618@example.com,2024-09-09 21:25:05.943501
619,643,email,old_user619@example.com,user619@example.com,2024-03-05 14:56:58.913505
620,808,email,old_user620@example.com,user620@example.com,2024-04-07 13:22:27.413879
621,559,email,old_user621@example.com,user621@example.com,2023-05-23 07:26:41.934358
622,620,email,old_user622@example.com,user622@example.com,2023-05-22 23:36:44.931053
623,403,email,old_user623@example.com,user623@example.com,2023-07-26 07:53:39.652464
624,777,email,old_user624@example.com,user624@example.com,2023-04-14 15:21:49.805545
625,342,email,old_user625@example.com,user625@example.com,2023-07-01 09:15:02.328854
626,767,email,old_user626@example.com,user626@example.com,2024-05-22 07:08:41.940469
627,536,email,old_user627@example.com,user627@example.com,2023-01-30 01:44:59.302670
628,467,email,old_user628@example.com,user628@example.com,2023-05-17 10:59:39.353773
629,338,email,old_user629@example.com,user629@example.com,2023-10-16 10:16:01.819099
630,945,email,old_user630@example.com,user630@example.com,2024-09-02 04:20:09.401024
631,18,email,old_user631@example.com,user631@example.com,2024-08-24 12:26:02.606383
632,454,email,old_user632@example.com,user632@example.com,2023-11-19 12:04:29.424612
633,297,email,old_user633@example.com,user633@example.com,2024-07-23 18:40:52.733305
634,920,email,old_user634@example.com,user634@example.com,2023-12-04 08:42:59.739016
635,324,email,old_user635@example.com,user635@example.com,2024-06-06 03:23:16.661119
636,142,email,old_user636@example.com,user636@example.com,2023-11-10 04:44:22.821158
637,603,email,old_user637@example.com,user637@example.com,2024-04-17 07:59:02.104117
638,463,email,old_user638@example.com,user638@example.com,2024-04-25 20:00:55.016284
639,699,email,old_user639@example.com,user639@example.com,2023-07-29 18:26:14.051392
640,460,email,old_user640@example.com,user640@example.com,2023-01-15 03:58:44.091170
641,620,email,old_user641@example.com,user641@example.com,2024-07-25 18:13:54.236725
642,895,email,old_user642@example.com,user642@example.com,2023-01-12 23:22:53.021454
643,871,email,old_user643@example.com,user643@example.com,2024-10-31 13:52:59.734009
644,806,email,old_user644@example.com,user644@example.com,2024-06-30 05:03:15.103221
645,544,email,old_user645@example.com,user645@example.com,2024-07-18 19:21:02.288971
646,374,email,old_user646@example.com,user646@example.com,2024-04-23 13:02:56.501505
647,764,email,old_user647@example.com,user647@example.com,2024-12-02 00:11:45.579312
648,392,email,old_user648@example.com,user648@example.com,2023-04-18 14:08:20.273932
649,463,email,old_user649@example.com,user649@example.com,2024-06-22 18:25:37.697164
650,657,email,old_user650@example.com,user650@example.com,2023-08-21 21:38:39.985173
651,609,email,old_user651@example.com,user651@example.com,2024-09-13 08:39:20.515817
652,434,email,old_user652@example.com,user652@example.com,2024-07-13 04:38:47.947522
653,89,email,old_user653@example.com,user653@example.com,2023-04-09 10:21:04.802574
654,62,email,old_user654@example.com,user654@example.com,2024-09-11 21:39:41.102883
655,808,email,old_user655@example.com,user655@example.com,2023-07-17 02:53:51.042302
656,211,email,old_user656@example.com,user656@example.com,2023-08-09 07:45:17.566739
657,610,email,old_user657@example.com,user657@example.com,2023-12-26 09:28:25.499609
658,293,email,old_user658@example.com,user658@example.com,2023-04-04 21:49:59.678664
659,91,email,old_user659@example.com,user659@example.com,2023-07-08 15:26:00.892389
660,209,email,old_user660@example.com,user660@example.com,2023-08-05 16:10:03.126020
661,180,email,old_user661@example.com,user661@example.com,2024-03-09 10:50:02.355001
662,423,email,old_user662@example.com,user662@example.com,2023-04-18 02:35:22.953911
663,125,email,old_user663@example.com,user663@example.com,2024-09-15 13:19:58.290534
664,941,email,old_user664@example.com,user664@example.com,2023-12-12 00:49:58.218152
665,876,email,old_user665@example.com,user665@example.com,2023-09-23 23:59:33.995448
666,93,email,old_user666@example.com,user666@example.com,2023-07-23 19:32:06.658400
667,644,email,old_user667@example.com,user667@example.com,2024-08-07 21:51:20.842492
668,702,email,old_user668@example.com,user668@example.com,2023-08-14 06:16:52.028956
669,34,email,old_user669@example.com,user669@example.com,2023-05-23 15:34:40.290923
670,156,email,old_user670@example.com,user670@example.com,2024-05-04 22:50:33.559196
671,877,email,old_user671@example.com,user671@example.com,2023-10-09 18:57:06.448455
672,864,email,old_user672@example.com,user672@example.com,2024-10-08 20:42:19.791135
673,749,email,old_user673@example.com,user673@example.com,2024-05-18 12:43:02.962394
674,603,email,old_user674@example.com,user674@example.com,2024-07-28 14:00:29.880911
675,390,email,old_user675@example.com,user675@example.com,2023-02-08 08:04:58.651303
676,197,email,old_user676@example.com,user676@example.com,2024-05-17 01:46:05.270913
677,567,email,old_user677@example.com,user677@example.com,2023-11-05 10:26:11.694326
678,560,email,old_user678@example.com,user678@example.com,2024-04-30 09:11:40.312850
679,268,email,old_user679@example.com,user679@example.com,2024-12-22 06:36:31.168742
680,87,email,old_user680@example.com,user680@example.com,2023-01-02 08:31:03.194635
681,46,email,old_user681@example.com,user681@example.com,2024-11-13 17:41:41.481765
682,505,email,old_user682@example.com,user682@example.com,2024-03-25 00:24:44.508890
683,257,email,old_user683@example.com,user683@example.com,2024-11-25 15:07:19.376073
684,983,email,old_user684@example.com,user684@example.com,2024-10-22 11:54:12.527726
685,675,email,old_user685@example.com,user685@example.com,2024-07-28 04:34:38.866601
686,698,email,old_user686@example.com,user686@example.com,2023-04-29 14:28:54.507589
687,75,email,old_user687@example.com,user687@example.com,2024-08-03 12:51:22.695172
688,228,email,old_user688@example.com,user688@example.com,2024-02-28 12:52:48.683372
689,923,email,old_user689@example.com,user689@example.com,2023-10-19 16:04:34.890521
690,334,email,old_user690@example.com,user690@example.com,2023-10-21 07:15:42.052593
691,435,email,old_user691@example.com,user691@example.com,2024-06-29 16:35:13.339031
692,955,email,old_user692@example.com,user692@example.com,2023-08-09 14:28:51.428640
693,136,email,old_user693@example.com,user693@example.com,2023-03-29 17:29:58.211536
694,181,email,old_user694@example.com,user694@example.com,2023-02-18 03:48:46.008495
695,434,email,old_user695@example.com,user695@example.com,2024-08-24 19:18:52.622655
696,725,email,old_user696@example.com,user696@example.com,2023-05-21 03:48:52.499340
697,76,email,old_user697@example.com,user697@example.com,2024-07-28 21:05:11.668724
698,805,email,old_user698@example.com,user698@example.com,2023-07-27 15:59:33.717991
699,903,email,old_user699@example.com,user699@example.com,2023-02-28 01:50:53.257076
700,550,email,old_user700@example.com,user700@example.com,2023-12-03 10:42:32.568770
701,424,email,old_user701@example.com,user701@example.com,2024-08-02 13:57:51.427580
702,936,email,old_user702@example.com,user702@example.com,2023-03-08 10:36:43.340648
703,98,email,old_user703@example.com,user703@example.com,2023-05-29 19:42:52.228546
704,724,email,old_user704@example.com,user704@example.com,2023-08-31 21:57:53.883439
705,940,email,old_user705@example.com,user705@example.com,2023-06-21 00:01:37.079870
706,433,email,old_user706@example.com,user706@example.com,2024-03-14 13:23:14.962294
707,994,email,old_user707@example.com,user707@example.com,2024-01-28 10:23:55.912210
708,595,email,old_user708@example.com,user708@example.com,2023-11-26 18:57:00.269055
709,277,email,old_user709@example.com,user709@example.com,2023-12-12 01:56:27.047031
710,932,email,old_user710@example.com,user710@example.com,2024-12-23 11:54:01.605110
711,611,email,old_user711@example.com,user711@example.com,2023-03-16 20:44:17.408326
712,2,email,old_user712@example.com,user712@example.com,2024-04-14 07:19:49.646113
713,597,email,old_user713@example.com,user713@example.com,2023-08-30 15:34:14.926452
714,94,email,old_user714@example.com,user714@example.com,2023-08-02 21:18:04.889888
715,535,email,old_user715@example.com,user715@example.com,2024-04-27 17:40:32.159760
716,991,email,old_user716@example.com,user716@example.com,2024-08-16 20:10:50.254536
717,859,email,old_user717@example.com,user717@example.com,2023-09-19 08:14:36.026546
718,899,email,old_user718@example.com,user718@example.com,2023-12-26 03:21:56.377187
719,309,email,old_user719@example.com,user719@example.com,2024-11-25 02:26:26.858905
720,825,email,old_user720@example.com,user720@example.com,2024-01-02 08:05:59.150189
721,687,email,old_user721@example.com,user721@example.com,2023-02-17 03:37:46.526488
722,240,email,old_user722@example.com,user722@example.com,2023-08-12 19:59:10.633840
723,460,email,old_user723@example.com,user723@example.com,2024-06-28 17:48:42.703250
724,965,email,old_user724@example.com,user724@example.com,2024-11-15 00:02:37.501298
725,115,email,old_user725@example.com,user725@example.com,2023-09-19 07:53:04.777804
726,343,email,old_user726@example.com,user726@example.com,2024-03-29 02:30:31.401998
727,170,email,old_user727@example.com,user727@example.com,2024-10-27 09:50:28.346463
728,283,email,old_user728@example.com,user728@example.com,2023-11-23 18:56:42.309054
729,12,email,old_user729@example.com,user729@example.com,2024-07-22 06:50:03.411980
730,881,email,old_user730@example.com,user730@example.com,2024-05-12 02:04:25.798976
731,389,email,old_user731@example.com,user731@example.com,2024-04-10 13:11:58.517240
732,354,email,old_user732@example.com,user732@example.com,2023-11-04 03:10:14.099377
733,861,email,old_user733@example.com,user733@example.com,2023-07-31 22:58:53.339834
734,992,email,old_user734@example.com,user734@example.com,2024-07-23 22:09:21.919768
735,121,email,old_user735@example.com,user735@example.com,2024-04-16 02:40:07.042153
736,192,email,old_user736@example.com,user736@example.com,2023-12-31 19:27:22.412555
737,363,email,old_user737@example.com,user737@example.com,2024-12-30 19:43:34.672201
738,970,email,old_user738@example.com,user738@example.com,2024-01-28 11:02:31.876361
739,496,email,old_user739@example.com,user739@example.com,2024-02-24 05:58:54.223403
740,566,email,old_user740@example.com,user740@example.com,2023-10-25 18:47:25.653643
741,148,email,old_user741@example.com,user741@example.com,2023-07-04 18:52:22.110508
742,15,email,old_user742@example.com,user742@example.com,2024-09-13 09:17:07.306608
743,599,email,old_user743@example.com,user743@example.com,2023-07-27 04:27:50.214012
744,479,email,old_user744@example.com,user744@example.com,2024-04-16 19:37:22.845280
745,931,email,old_user745@example.com,user745@example.com,2024-11-11 19:10:05.734572
746,677,email,old_user746@example.com,user746@example.com,2023-07-01 12:42:46.693105
747,685,email,old_user747@example.com,user747@example.com,2024-10-08 13:58:32.862189
748,947,email,old_user748@example.com,user748@example.com,2024-05-03 03:25:18.235291
749,304,email,old_user749@example.com,user749@example.com,2023-12-08 09:47:41.726580
750,248,email,old_user750@example.com,user750@example.com,2024-10-25 20:03:23.119199
751,610,email,old_user751@example.com,user751@example.com,2023-10-25 06:12:07.995084
752,512,email,old_user752@example.com,user752@example.com,2024-08-14 05:48:50.533561
753,522,email,old_user753@example.com,user753@example.com,2023-11-21 14:39:45.307694
754,778,email,old_user754@example.com,user754@example.com,2024-06-08 20:09:47.008223
755,298,email,old_user755@example.com,user755@example.com,2023-04-22 08:01:43.585615
756,688,email,old_user756@example.com,user756@example.com,2023-11-08 11:31:48.461253
757,752,email,old_user757@example.com,user757@example.com,2024-07-10 23:55:23.575467
758,213,email,old_user758@example.com,user758@example.com,2023-04-13 03:49:05.385870
759,463,email,old_user759@example.com,user759@example.com,2024-10-08 22:36:20.225791
760,427,email,old_user760@example.com,user760@example.com,2024-11-05 21:28:07.396276
761,120,email,old_user761@example.com,user761@example.com,2023-10-12 01:51:01.478217
762,985,email,old_user762@example.com,user762@example.com,2023-03-20 04:14:02.449957
763,458,email,old_user763@example.com,user763@example.com,2023-06-19 11:59:45.275148
764,717,email,old_user764@example.com,user764@example.com,2024-12-22 14:34:32.920509
765,727,email,old_user765@example.com,user765@example.com,2023-10-27 18:09:55.876202
766,919,email,old_user766@example.com,user766@example.com,2023-09-01 16:09:41.895388
767,799,email,old_user767@example.com,user767@example.com,2024-08-08 22:17:45.775936
768,988,email,old_user768@example.com,user768@example.com,2023-12-11 08:49:20.641864
769,276,email,old_user769@example.com,user769@example.com,2024-01-13 22:30:54.252364
770,314,email,old_user770@example.com,user770@example.com,2024-03-07 03:04:40.926267
771,729,email,old_user771@example.com,user771@example.com,2023-07-28 06:43:29.540195
772,210,email,old_user772@example.com,user772@example.com,2024-08-08 17:03:46.528369
773,782,email,old_user773@example.com,user773@example.com,2023-04-24 23:34:52.397482
774,920,email,old_user774@example.com,user774@example.com,2023-03-25 09:48:25.497196
775,826,email,old_user775@example.com,user775@example.com,2023-04-23 11:50:12.399053
776,414,email,old_user776@example.com,user776@example.com,2024-07-11 19:03:26.273431
777,815,email,old_user777@example.com,user777@example.com,2024-08-23 04:14:28.141026
778,797,email,old_user778@example.com,user778@example.com,2024-04-07 08:59:27.833897
779,254,email,old_user779@example.com,user779@example.com,2023-08-12 07:50:09.028203
780,194,email,old_user780@example.com,user780@example.com,2023-02-06 13:23:17.760169
781,628,email,old_user781@example.com,user781@example.com,2024-07-01 13:37:53.540513
782,181,email,old_user782@example.com,user782@example.com,2024-05-22 21:02:59.800135
783,38,email,old_user783@example.com,user783@example.com,2023-12-24 03:23:03.741921
784,191,email,old_user784@example.com,user784@example.com,2024-03-17 11:10:22.428378
785,892,email,old_user785@example.com,user785@example.com,2023-01-13 14:05:56.758072
786,466,email,old_user786@example.com,user786@example.com,2023-12-08 09:47:06.142424
787,975,email,old_user787@example.com,user787@example.com,2024-06-04 23:54:05.428989
788,79,email,old_user788@example.com,user788@example.com,2023-10-05 05:34:06.972888
789,464,email,old_user789@example.com,user789@example.com,2024-03-30 13:31:43.578319
790,178,email,old_user790@example.com,user790@example.com,2024-06-27 06:57:44.779179
791,864,email,old_user791@example.com,user791@example.com,2023-06-13 13:40:41.618483
792,233,email,old_user792@example.com,user792@example.com,2023-06-29 19:03:01.743922
793,975,email,old_user793@example.com,user793@example.com,2023-04-06 10:41:53.948595
794,481,email,old_user794@example.com,user794@example.com,2023-09-14 11:59:29.380404
795,784,email,old_user795@example.com,user795@example.com,2024-07-04 13:26:05.479156
796,897,email,old_user796@example.com,user796@example.com,2023-03-01 11:29:36.827209
797,143,email,old_user797@example.com,user797@example.com,2023-06-16 16:34:07.776766
798,3,email,old_user798@example.com,user798@example.com,2023-10-25 01:02:48.723184
799,983,email,old_user799@example.com,user799@example.com,2024-10-30 07:24:10.384083
800,691,email,old_user800@example.com,user800@example.com,2023-09-22 09:12:27.243142
801,245,email,old_user801@example.com,user801@example.com,2024-01-20 03:14:29.785107
802,934,email,old_user802@example.com,user802@example.com,2023-07-24 00:15:33.377833
803,329,email,old_user803@example.com,user803@example.com,2023-01-08 19:59:05.613728
804,209,email,old_user804@example.com,user804@example.com,2023-02-12 12:08:44.581555
805,130,email,old_user805@example.com,user805@example.com,2024-11-02 22:35:49.931766
806,646,email,old_user806@example.com,user806@example.com,2023-02-05 16:40:14.764802
807,312,email,old_user807@example.com,user807@example.com,2024-02-06 02:39:07.294982
808,269,email,old_user808@example.com,user808@example.com,2023-03-12 20:38:25.536894
809,261,email,old_user809@example.com,user809@example.com,2023-02-17 17:53:27.838489
810,536,email,old_user810@example.com,user810@example.com,2023-01-20 15:50:46.409585
811,563,email,old_user811@example.com,user811@example.com,2023-07-13 23:42:44.904454
812,568,email,old_user812@example.com,user812@example.com,2023-12-20 16:51:33.818315
813,254,email,old_user813@example.com,user813@example.com,2024-07-15 01:51:58.564329
814,17,email,old_user814@example.com,user814@example.com,2024-07-18 08:00:07.457642
815,291,email,old_user815@example.com,user815@example.com,2024-11-08 14:59:03.794238
816,501,email,old_user816@example.com,user816@example.com,2024-01-23 18:49:10.221304
817,418,email,old_user817@example.com,user817@example.com,2024-12-04 00:57:26.022224
818,543,email,old_user818@example.com,user818@example.com,2023-07-05 09:33:58.090354
819,953,email,old_user819@example.com,user819@example.com,2023-06-29 06:58:34.782373
820,72,email,old_user820@example.com,user820@example.com,2023-07-16 14:01:21.888278
821,472,email,old_user821@example.com,user821@example.com,2023-04-04 18:36:03.001655
822,375,email,old_user822@example.com,user822@example.com,2023-10-16 09:57:59.601332
823,183,email,old_user823@example.com,user823@example.com,2024-11-09 03:51:16.690562
824,571,email,old_user824@example.com,user824@example.com,2023-12-24 22:38:38.710176
825,650,email,old_user825@example.com,user825@example.com,2023-09-29 00:35:46.855435
826,404,email,old_user826@example.com,user826@example.com,2024-08-16 06:12:11.334100
827,23,email,old_user827@example.com,user827@example.com,2023-04-12 20:14:48.709905
828,897,email,old_user828@example.com,user828@example.com,2024-04-28 00:56:10.875271
829,954,email,old_user829@example.com,user829@example.com,2023-01-04 18:02:05.787424
830,998,email,old_user830@example.com,user830@example.com,2024-05-20 04:08:31.783084
831,543,email,old_user831@example.com,user831@example.com,2024-07-21 02:35:19.713881
832,114,email,old_user832@example.com,user832@example.com,2023-03-17 00:54:58.316449
833,618,email,old_user833@example.com,user833@example.com,2023-06-14 14:30:31.647255
834,499,email,old_user834@example.com,user834@example.com,2023-06-17 08:51:52.976251
835,640,email,old_user835@example.com,user835@example.com,2023-11-25 14:45:37.661964
836,580,email,old_user836@example.com,user836@example.com,2024-09-25 06:34:28.475659
837,927,email,old_user837@example.com,user837@example.com,2024-10-20 02:37:05.458499
838,573,email,old_user838@example.com,user838@example.com,2023-05-25 19:53:52.163060
839,308,email,old_user839@example.com,user839@example.com,2023-02-08 00:40:44.879745
840,391,email,old_user840@example.com,user840@example.com,2023-06-13 08:23:02.545796
841,606,email,old_user841@example.com,user841@example.com,2024-10-12 02:56:05.983571
842,634,email,old_user842@example.com,user842@example.com,2023-08-05 03:22:49.889854
843,749,email,old_user843@example.com,user843@example.com,2023-01-27 09:58:02.623896
844,125,email,old_user844@example.com,user844@example.com,2024-06-24 15:18:23.064013
845,488,email,old_user845@example.com,user845@example.com,2023-05-03 12:15:03.919336
846,835,email,old_user846@example.com,user846@example.com,2023-09-12 15:06:18.229073
847,969,email,old_user847@example.com,user847@example.com,2023-09-02 13:46:32.276239
848,554,email,old_user848@example.com,user848@example.com,2024-11-17 22:50:04.960908
849,980,email,old_user849@example.com,user849@example.com,2024-01-02 01:27:06.378060
850,593,email,old_user850@example.com,user850@example.com,2024-07-20 05:38:51.240453
851,324,email,old_user851@example.com,user851@example.com,2023-06-03 01:05:46.128506
852,264,email,old_user852@example.com,user852@example.com,2024-09-30 19:04:27.621242
853,902,email,old_user853@example.com,user853@example.com,2024-03-28 20:39:17.796632
854,352,email,old_user854@example.com,user854@example.com,2024-08-30 19:39:03.309966
855,696,email,old_user855@example.com,user855@example.com,2023-04-09 09:32:20.987752
856,834,email,old_user856@example.com,user856@example.com,2023-12-23 08:18:14.455239
857,559,email,old_user857@example.com,user857@example.com,2024-06-10 05:12:44.146211
858,790,email,old_user858@example.com,user858@example.com,2023-08-04 20:04:37.878026
859,250,email,old_user859@example.com,user859@example.com,2024-08-07 14:04:29.005083
860,271,email,old_user860@example.com,user860@example.com,2023-06-13 22:01:03.567684
861,604,email,old_user861@example.com,user861@example.com,2023-08-02 05:41:02.501778
862,686,email,old_user862@example.com,user862@example.com,2024-04-03 03:15:23.542574
863,149,email,old_user863@example.com,user863@example.com,2023-08-08 01:49:57.926439
864,181,email,old_user864@example.com,user864@example.com,2024-08-08 14:53:08.618710
865,145,email,old_user865@example.com,user865@example.com,2023-01-09 18:52:24.521002
866,449,email,old_user866@example.com,user866@example.com,2024-05-09 04:04:55.521985
867,793,email,old_user867@example.com,user867@example.com,2024-12-15 05:17:06.256082
868,170,email,old_user868@example.com,user868@example.com,2024-04-25 21:57:02.078829
869,60,email,old_user869@example.com,user869@example.com,2023-10-03 01:31:42.230777
870,326,email,old_user870@example.com,user870@example.com,2024-10-09 10:15:50.274439
871,142,email,old_user871@example.com,user871@example.com,2023-07-30 20:31:33.135552
872,762,email,old_user872@example.com,user872@example.com,2023-07-14 20:16:19.477952
873,541,email,old_user873@example.com,user873@example.com,2024-11-10 17:20:55.629705
874,515,email,old_user874@example.com,user874@example.com,2024-01-08 09:58:31.748288
875,288,email,old_user875@example.com,user875@example.com,2024-02-08 10:30:09.390774
876,977,email,old_user876@example.com,user876@example.com,2024-07-09 08:33:30.728182
877,178,email,old_user877@example.com,user877@example.com,2024-11-27 02:16:00.613218
878,540,email,old_user878@example.com,user878@example.com,2023-08-31 17:31:58.323465
879,286,email,old_user879@example.com,user879@example.com,2023-08-23 22:13:09.227640
880,373,email,old_user880@example.com,user880@example.com,2023-11-18 23:41:21.023947
881,921,email,old_user881@example.com,user881@example.com,2023-08-23 00:16:45.736358
882,996,email,old_user882@example.com,user882@example.com,2023-08-21 15:31:20.100011
883,677,email,old_user883@example.com,user883@example.com,2024-05-23 01:57:06.433176
884,248,email,old_user884@example.com,user884@example.com,2024-08-03 19:48:21.794559
885,722,email,old_user885@example.com,user885@example.com,2023-08-11 03:49:14.603690
886,615,email,old_user886@example.com,user886@example.com,2023-07-23 07:22:21.815211
887,298,email,old_user887@example.com,user887@example.com,2023-06-08 21:01:48.752942
888,466,email,old_user888@example.com,user888@example.com,2023-03-14 21:45:21.239145
889,261,email,old_user889@example.com,user889@example.com,2023-09-21 00:33:06.471899
890,433,email,old_user890@example.com,user890@example.com,2023-01-19 20:54:51.769944
891,208,email,old_user891@example.com,user891@example.com,2023-03-27 05:16:24.880348
892,191,email,old_user892@example.com,user892@example.com,2024-02-01 12:39:32.435267
893,781,email,old_user893@example.com,user893@example.com,2023-08-08 02:39:42.647789
894,585,email,old_user894@example.com,user894@example.com,2024-10-16 04:46:27.778755
895,578,email,old_user895@example.com,user895@example.com,2023-09-07 06:22:44.124472
896,593,email,old_user896@example.com,user896@example.com,2023-09-30 14:49:18.971224
897,214,email,old_user897@example.com,user897@example.com,2023-04-14 07:17:51.094784
898,456,email,old_user898@example.com,user898@example.com,2023-05-24 10:36:09.632317
899,620,email,old_user899@example.com,user899@example.com,2023-05-01 23:32:28.484264
900,495,email,old_user900@example.com,user900@example.com,2023-01-15 16:00:16.336696
901,784,email,old_user901@example.com,user901@example.com,2023-02-16 05:18:18.943971
902,929,email,old_user902@example.com,user902@example.com,2024-10-23 21:53:29.631841
903,619,email,old_user903@example.com,user903@example.com,2024-06-01 09:23:53.044222
904,49,email,old_user904@example.com,user904@example.com,2024-11-13 18:40:15.955730
905,407,email,old_user905@example.com,user905@example.com,2024-07-31 23:27:07.492643
906,673,email,old_user906@example.com,user906@example.com,2024-10-15 07:48:52.246553
907,761,email,old_user907@example.com,user907@example.com,2024-07-05 10:59:37.608684
908,298,email,old_user908@example.com,user908@example.com,2024-08-30 20:28:08.696785
909,145,email,old_user909@example.com,user909@example.com,2023-04-30 07:35:24.048363
910,686,email,old_user910@example.com,user910@example.com,2023-02-23 18:09:37.834899
911,784,email,old_user911@example.com,user911@example.com,2023-07-26 04:17:01.723883
912,520,email,old_user912@example.com,user912@example.com,2024-11-28 19:06:43.684338
913,613,email,old_user913@example.com,user913@example.com,2024-01-27 22:30:20.824042
914,345,email,old_user914@example.com,user914@example.com,2023-10-17 00:58:07.131826
915,797,email,old_user915@example.com,user915@example.com,2023-12-26 13:16:30.493167
916,534,email,old_user916@example.com,user916@example.com,2023-10-29 14:22:15.265332
917,584,email,old_user917@example.com,user917@example.com,2024-08-19 05:17:53.748618
918,917,email,old_user918@example.com,user918@example.com,2023-11-26 18:34:07.628069
919,127,email,old_user919@example.com,user919@example.com,2023-01-05 10:19:25.644707
920,160,email,old_user920@example.com,user920@example.com,2023-06-27 23:54:43.115092
921,23,email,old_user921@example.com,user921@example.com,2023-11-01 06:22:51.145349
922,109,email,old_user922@example.com,user922@example.com,2023-06-18 02:45:49.377764
923,636,email,old_user923@example.com,user923@example.com,2024-09-22 21:53:46.516126
924,393,email,old_user924@example.com,user924@example.com,2023-05-04 19:45:22.630104
925,674,email,old_user925@example.com,user925@example.com,2023-07-09 23:52:12.382160
926,616,email,old_user926@example.com,user926@example.com,2023-10-09 20:24:40.321229
927,561,email,old_user927@example.com,user927@example.com,2023-05-27 15:41:55.175514
928,655,email,old_user928@example.com,user928@example.com,2024-02-13 07:08:58.459458
929,612,email,old_user929@example.com,user929@example.com,2024-01-24 02:19:51.611712
930,18,email,old_user930@example.com,user930@example.com,2024-04-27 04:17:43.838674
931,264,email,old_user931@example.com,user931@example.com,2024-01-16 05:00:38.054695
932,810,email,old_user932@example.com,user932@example.com,2023-11-18 03:54:27.599718
933,462,email,old_user933@example.com,user933@example.com,2024-04-04 11:34:27.600712
934,963,email,old_user934@example.com,user934@example.com,2023-02-02 08:12:42.982555
935,56,email,old_user935@example.com,user935@example.com,2023-05-26 11:50:13.479588
936,632,email,old_user936@example.com,user936@example.com,2023-06-09 00:44:09.703729
937,677,email,old_user937@example.com,user937@example.com,2024-01-11 21:34:00.998035
938,484,email,old_user938@example.com,user938@example.com,2024-07-10 18:38:08.422877
939,951,email,old_user939@example.com,user939@example.com,2024-11-17 10:17:23.475679
940,771,email,old_user940@example.com,user940@example.com,2023-10-01 09:06:57.784787
941,319,email,old_user941@example.com,user941@example.com,2023-11-27 17:56:49.720065
942,687,email,old_user942@example.com,user942@example.com,2023-11-23 14:45:41.593041
943,58,email,old_user943@example.com,user943@example.com,2024-10-18 05:55:04.897833
944,164,email,old_user944@example.com,user944@example.com,2024-11-10 23:56:25.083737
945,369,email,old_user945@example.com,user945@example.com,2023-09-24 01:36:28.579970
946,204,email,old_user946@example.com,user946@example.com,2024-12-31 07:08:56.311315
947,487,email,old_user947@example.com,user947@example.com,2023-05-30 06:20:04.966934
948,742,email,old_user948@example.com,user948@example.com,2023-02-07 05:49:09.078691
949,452,email,old_user949@example.com,user949@example.com,2024-12-13 02:15:42.940086
950,81,email,old_user950@example.com,user950@example.com,2024-08-20 10:39:13.185238
951,74,email,old_user951@example.com,user951@example.com,2023-10-25 12:21:23.531097
952,641,email,old_user952@example.com,user952@example.com,2023-05-02 00:22:51.453107
953,530,email,old_user953@example.com,user953@example.com,2024-01-28 05:13:13.530356
954,359,email,old_user954@example.com,user954@example.com,2023-12-18 16:43:52.627338
955,527,email,old_user955@example.com,user955@example.com,2024-03-09 11:45:23.284425
956,915,email,old_user956@example.com,user956@example.com,2023-12-27 00:31:45.224818
957,813,email,old_user957@example.com,user957@example.com,2024-01-10 12:09:18.707870
958,355,email,old_user958@example.com,user958@example.com,2023-08-07 19:57:15.535533
959,288,email,old_user959@example.com,user959@example.com,2023-10-30 10:18:56.215352
960,988,email,old_user960@example.com,user960@example.com,2023-05-15 00:23:35.058904
961,292,email,old_user961@example.com,user961@example.com,2024-09-29 00:45:06.081104
962,846,email,old_user962@example.com,user962@example.com,2023-02-10 10:16:26.900462
963,572,email,old_user963@example.com,user963@example.com,2023-10-14 17:09:08.967414
964,779,email,old_user964@example.com,user964@example.com,2024-11-22 06:18:41.126077
965,55,email,old_user965@example.com,user965@example.com,2023-03-23 10:30:45.694068
966,675,email,old_user966@example.com,user966@example.com,2024-05-24 09:09:12.097782
967,682,email,old_user967@example.com,user967@example.com,2024-03-30 14:02:24.674495
968,390,email,old_user968@example.com,user968@example.com,2024-01-01 22:44:36.755883
969,206,email,old_user969@example.com,user969@example.com,2024-03-25 03:02:41.221891
970,218,email,old_user970@example.com,user970@example.com,2023-09-30 02:51:27.293349
971,505,email,old_user971@example.com,user971@example.com,2024-03-20 15:03:07.041451
972,376,email,old_user972@example.com,user972@example.com,2024-05-10 03:57:34.676952
973,530,email,old_user973@example.com,user973@example.com,2023-02-07 01:55:01.781470
974,771,email,old_user974@example.com,user974@example.com,2024-05-30 17:55:45.532608
975,807,email,old_user975@example.com,user975@example.com,2024-04-19 11:28:45.557443
976,648,email,old_user976@example.com,user976@example.com,2024-06-27 08:08:58.613835
977,506,email,old_user977@example.com,user977@example.com,2024-11-19 02:19:22.783792
978,577,email,old_user978@example.com,user978@example.com,2023-04-01 17:43:15.683515
979,229,email,old_user979@example.com,user979@example.com,2023-08-16 20:29:34.740693
980,219,email,old_user980@example.com,user980@example.com,2023-05-27 03:15:10.739345
981,14,email,old_user981@example.com,user981@example.com,2024-09-01 00:54:20.018327
982,575,email,old_user982@example.com,user982@example.com,2023-06-10 11:15:17.247433
983,49,email,old_user983@example.com,user983@example.com,2024-12-22 14:36:52.918219
984,936,email,old_user984@example.com,user984@example.com,2024-05-20 23:21:56.469081
985,291,email,old_user985@example.com,user985@example.com,2023-10-25 22:51:24.839841
986,10,email,old_user986@example.com,user986@example.com,2023-05-28 03:22:17.155768
987,32,email,old_user987@example.com,user987@example.com,2023-10-14 11:35:55.292899
988,523,email,old_user988@example.com,user988@example.com,2023-08-11 09:04:01.114739
989,120,email,old_user989@example.com,user989@example.com,2023-03-26 20:15:34.150140
990,961,email,old_user990@example.com,user990@example.com,2023-06-05 00:51:30.408715
991,109,email,old_user991@example.com,user991@example.com,2023-08-15 12:49:10.663038
992,366,email,old_user992@example.com,user992@example.com,2024-11-04 02:44:53.939911
993,672,email,old_user993@example.com,user993@example.com,2024-08-31 09:19:56.047536
994,873,email,old_user994@example.com,user994@example.com,2024-03-28 01:25:04.497988
995,395,email,old_user995@example.com,user995@example.com,2023-11-01 22:27:58.928054
996,814,email,old_user996@example.com,user996@example.com,2023-07-23 23:07:39.970599
997,801,email,old_user997@example.com,user997@example.com,2024-04-06 13:40:58.494616
998,871,email,old_user998@example.com,user998@example.com,2023-08-04 06:10:19.508489
999,874,email,old_user999@example.com,user999@example.com,2023-09-01 01:59:02.026709
1000,677,email,old_user1000@example.com,user1000@example.com,2023-05-28 02:55:13.558009
